Identifier,Lat,Long
GRCA_Jumpup above Tapeats,-53.855233000,-112.948625890
AMME_AMP05,15.215265656,145.721068506
AMME_001,15.215309203,145.721307038
AMME_002,15.217050084,145.718369952
AMME_AMP13,15.217472123,145.726803931
SARI_WW,17.785216000,-64.759433000
SARI_SG,17.785242000,-64.760636856
BUIS_SFR,17.785366000,-64.609818000
BUIS_WSG,17.798994000,-64.635786000
BUIS_BAR01,17.805450000,-64.597500000
VIIS_TK,18.309648000,-64.723260000
VIIS_YZ,18.313944000,-64.725810000
VIIS_NF,18.349189000,-64.668074000
VIIS_HA,18.351349000,-64.679326000
VIIS_MB,18.354204000,-64.684435000
VIIS_Rainfall_01,18.355256000,-64.765311000
VIIS_WS,18.365602000,-64.761807000
KAHO Aimakapa Fishpond,19.676944000,-156.024722000
KAHO Well 1 (8-4061-01),19.678333300,-156.022222200
KAHO Well 2 (8-4161-02),19.685833300,-156.023611100
KAHO Well 3 (8-4161-01),19.687222200,-156.029166700
KALA_USGSADAPS_210832156551401,21.139037010,-156.917742300
KALA_USGSADAPS_210902156553201,21.147370440,-156.922742300
DRTO_O84,24.573900000,-82.925810000
DRTO_O42,24.578573000,-82.964514000
DRTO_I41,24.604594000,-82.930171000
DRTO_BK,24.611720000,-82.870652000
DRTO_BKN,24.613477000,-82.869503000
DRTO_I38,24.656948000,-82.927429000
DRTO_LH03,24.659832000,-82.934152000
DRTO_LH04,24.662365000,-82.927433000
DRTO_LH02,24.663077000,-82.930991000
DRTO_LH05,24.663814000,-82.927040000
DRTO_LH01,24.668136000,-82.925862000
DRTO_I26,24.684039000,-82.894250000
DRTO_I44,24.686932000,-82.883177000
DRTO_O72,24.695576000,-82.789899000
DRTO_I33,24.697038000,-82.906502000
DRTO_O27,24.703177000,-82.848792000
DRTO_O92,24.706430000,-82.840489000
DRTO_O12,24.706432000,-82.838117000
DRTO_I63,24.707148000,-82.881603000
DRTO_I36,24.708238000,-82.863019000
DRTO_O56,24.721224000,-82.802137000
DRTO_O94,24.721582000,-82.806887000
DRTO_O82,24.722312000,-82.809260000
DRTO_SV01,24.722379000,-82.828328000
DRTO_SV02,24.723243000,-82.820374000
DRTO_SV03,24.724562000,-82.815055000
BISC_BB,25.318279000,-80.184315000
BISC_AM,25.351818000,-80.178018000
BISC_SET_BISC1,25.483930000,-80.339740000
PAIS_BAFF,27.292940000,-97.404720000
PAIS_BIRD,27.484444000,-97.318056000
CANAvctr01,28.926804500,-80.825029300
BIBE Lone Mountain,29.072000000,-103.091800000
Rio Grande Village,29.110500000,-102.572300000
FOMAvctr01,29.714620000,-81.234940000
JELA_LTAR,29.760510000,-90.145480000
JELA_BARD,29.813940000,-90.159690000
JELA_MILL,29.854420000,-90.122570000
BITH_VCVC,30.241775000,-94.119680556
BITH_LPLR,30.260500000,-94.525500000
BITH_LPIB,30.281991666,-94.536386111
GUIS_SCBL,30.316744722,-87.316845000
GUIS_BISA,30.350098611,-87.033410556
GUIS_NALO,30.358944445,-87.142500000
TIMUpond,30.372049000,-81.486609000
TIMUclap02,30.405132040,-81.508470900
TIMUking01,30.441160000,-81.439080000
TIMUclap01,30.449167000,-81.522667000
BITH_MRVC,30.466269444,-94.322830556
BITH_MCMC,30.481413889,-94.779708334
BITH_TCTC,30.521258334,-94.343525000
TIMUloft01,30.547250000,-81.552778000
TIMUnass01,30.573000000,-81.606000000
BITH_BSVC,30.576500000,-94.630694444
CUISsouthend,30.723347000,-81.470928000
CUIShoney,30.742346000,-81.460008000
CUISseac03,30.764303000,-81.471260000
CUISold02,30.798004000,-81.470270000
CUISretta,30.836152000,-81.433424000
CUISplum01,30.854866000,-81.467230000
CUISwhitney,30.892553000,-81.416129000
CUISburbank,30.930206000,-81.436479000
NATR_SFCR,31.709500000,-91.179638889
NATR_MICR,31.766666667,-91.164361111
NATR_NFCR,31.780166666,-91.140472222
NATR_LBPI,31.953888889,-90.962388888
FOPUlazz01,32.014137000,-80.884120000
SAGU_USGSADAPS_320741110370001,32.128055560,-110.616666700
SAGU_USGSADAPS_320743110370001,32.128611110,-110.616666700
SAGU_USGSADAPS_320745110365701,32.129166670,-110.615833300
SAGU_USGSADAPS_320745110370101,32.129166670,-110.616944400
NATR_FICR,32.171277700,-90.659472000
VICK_UADC,32.344722000,-90.847500000
VICK_UPMS,32.379170000,-90.867306000
NATR_HCCR,33.083055556,-89.525027778
GICL_Index_001,33.229090000,-108.265134000
NATR_MCCR,33.352138000,-89.343389000
NATR_MBCR,33.422472222,-89.264750000
NATR_LNCR,33.653305555,-89.072277778
NATR_OFCR,33.687500000,-89.041666667
JOTR_P_COT0213,33.717886000,-115.745398000
JOTR_P_CON0215,33.760061000,-115.734375000
CONGccbr01,33.815884000,-80.827460000
CONGbann01,33.839651000,-80.860446000
JOTR_P_PIN0216,33.858185000,-115.824456000
NATR_HOCR,33.880000000,-88.953166667
JOTR_P_GIB0086,33.896167000,-116.097863000
JOTR_P_BAR0128,34.007251000,-116.449463000
JOTR_P_PET0260,34.017010000,-116.195793000
NATR_CQCR,34.020055556,-88.892916667
JOTR_P_WES0255,34.031518000,-116.239310000
JOTR_P_NOR0083,34.039509000,-116.130495000
JOTR_P_QUE0109,34.069905000,-116.140003000
JOTR_P_EAS0160,34.103850000,-116.100934000
JOTR_H1,34.128770000,-116.039640000
CHIC_USGSADAPS_343017096561501,34.505100000,-96.937600000
GRCA_4FRI_Clover,34.505920000,-111.362700000
CHIC_USGSADAPS_343022096565701,34.506200000,-96.949800000
NATR_JOCR,34.517805556,-88.291722222
MOCA_USGSADAPS_343853111450201,34.648077790,-111.751261200
MOCA_USGSADAPS_343853111450501,34.648105570,-111.752094600
MOCA_USGSADAPS_343856111450701,34.649744420,-111.752094600
CALOshak01,34.686920000,-76.643640000
CALOmidm02,34.694517000,-76.618500000
MOJA_P_WIL0223,34.768541000,-115.700698000
NATR_COCR,34.857166666,-87.904916667
NATR_BRBR,34.916250000,-87.849916667
NATR_COBR,35.007000000,-87.821666667
MOJA_P_UNN0014,35.020510000,-115.519222000
NATR_CYCR,35.030000000,-87.821833333
MOJA_P_VON0212,35.053860000,-115.147742000
MOJA_P_MAC0141,35.067901000,-115.503847000
WACAWAL0102,35.117110854,-111.592029259
CAHAocbr01,35.118289000,-75.986017000
MOJA_P_MCSP0,35.140734000,-116.103950000
MOJA_P_HOL0119,35.141339000,-115.398844000
LAKE_P_DRI0002,35.201987000,-114.684017000
LAKE_P_PIP0016,35.209564000,-114.684396000
MOJA_P_BUT0027,35.234953000,-115.378302000
LAKE_P_RAT0056,35.247651000,-114.727738000
NATR_SWBR,35.250305556,-87.652277778
LAKE_P_WIL0061,35.252827000,-114.709785000
NATR_GLBR,35.254444444,-87.631666667
MOJA_P_SAC0173,35.273117000,-115.394814000
MOJA_P_HEN0118,35.315000000,-115.862618000
MOJA_P_COA0055,35.353160000,-115.131445000
MOJA_P_TAL0187,35.378978000,-115.118576000
GRSM_FOAT_799,35.460600000,-83.811700000
GRSM_FOLS_16,35.462200000,-83.808800000
GRSM_FOLS_679,35.462200000,-83.808800000
GRSM_O  97L1,35.463206000,-83.435249000
GRSM_DECR_744,35.463300000,-83.433500000
NATR_MFBR,35.464166667,-87.478888889
GRSM_HOBO_DPC_3_30,35.473333000,-83.429772000
GRSM_HOGO_HAZ_4_24,35.473829000,-83.712568000
GRSM_OCRT_797,35.510500000,-83.303600000
GRSM_OCONvc,35.514129434,-83.306005346
GRSM_MIMI_723,35.520900000,-83.308500000
GRSM_C25 Replicate 2,35.525320000,-83.223370000
GRSM_C25 Replicate 1,35.525320000,-83.223370000
NATR_LISW,35.529722000,-87.453556000
MOJA_P_WIL0224,35.544690000,-115.535238000
PECO_001,35.551376000,-105.686573000
GRSM_N  95G2,35.555950000,-83.311530000
GRSM_N  95G1,35.562120000,-83.312235000
GRSM_CDAQ_613,35.562500000,-83.497900000
GRSM_ND_SW,35.564762100,-83.480043000
GRSM_ND_NE,35.564770000,-83.479954000
GRSM_ND_TF,35.564952000,-83.476531000
GRSM_ND_OS,35.565004000,-83.477079000
GRSM_N  97F1,35.565060000,-83.493660000
GRSM_OCONuCol,35.572806576,-83.339449089
GRSM_01496StraightFork,35.580620000,-83.240330000
GRSM_PK_LowSAL,35.581849560,-83.074729990
GRSM_PKFI_B1,35.586600000,-83.074000000
GRSM_PKTR_19,35.587200000,-83.072900000
GRSM_PKNH_C,35.587300000,-83.062500000
GRSM_PKWC_096,35.587935420,-83.070884770
GRSM_CDAT_588,35.590600000,-83.470100000
GRSM_06_little_river_2_1,35.594517000,-83.514233000
GRSM_06_little_river_3_2,35.598617000,-83.566633000
GRSM_CCAQ_796,35.603400000,-83.783000000
GRSM_06_little_river_2_3,35.606900000,-83.637367000
GRSM_ABC_8_60,35.607112000,-83.934393000
GRSM_M  97S1,35.608020000,-83.435688000
GRSM_06_little_river_4_1,35.608700000,-83.671200000
GRSM_NFGA_557,35.610207370,-83.423709640
GRSM_SF_LOWER,35.612472500,-83.214658611
GRSM_M  93R1,35.616470000,-83.120900000
GRSM_WPLPtree,35.619312122,-83.426319858
GRSM_STFKds,35.621927339,-83.211233254
GRSM_SF_UPPER,35.622721944,-83.211919167
GRSM_STFKus,35.622760444,-83.211714266
GRSM_WPLPu441,35.624125185,-83.416948183
GRSM_M  93L1,35.625160000,-83.115890000
GRSM_06_little_river_2_2,35.627250000,-83.706250000
GRSM_OCONbef2,35.627907053,-83.726220631
GRSM_BD_WCST,35.628343300,-83.452476700
GRSM_CVRS_645,35.629000000,-83.093000000
GRSM_BD_RPST,35.630022780,-83.468998056
GRSM_CADV_640,35.632000000,-83.045700000
GRSM_BD_NPST,35.632293890,-83.587941940
GRSM_LRAQ_544,35.633200000,-83.941300000
GRSM_BD_PCST,35.635761670,-83.144440830
GRSM_BD_LBST,35.636771861,-83.145567220
GRSM_WPLPchim,35.637332600,-83.493407800
GRSM_CHIM_A,35.638900000,-83.496800000
GRSM_TRWP,35.639320000,-83.695580000
GRSM_TRSF,35.640020000,-83.687480000
GRSM_C29 Replicate 2,35.640040000,-83.056380000
GRSM_C29 Replicate 1,35.640040000,-83.056380000
GRSM_TRCE,35.640100000,-83.693500000
GRSM_TRBT_C,35.640124000,-83.688300000
GRSM_TRBT_P,35.640124000,-83.688300000
GRSM_TRCE_C,35.640683000,-83.691907000
GRSM_TRCE_P,35.640683000,-83.691907000
GRSM_TRNT,35.640770000,-83.689150000
GRSM_FOHA_183,35.641410000,-83.482060000
GRSM_TRDB,35.641686547,-83.697008923
GRSM_TRLA,35.642080000,-83.692330000
GRSM_TRMT,35.642430000,-83.687430000
GRSM_TRLR_C,35.643256000,-83.689719000
GRSM_TRLR_P,35.643256000,-83.689719000
GRSM_TRLA_P,35.643272000,-83.692612000
GRSM_TRLA_C,35.643272000,-83.692612000
GRSM_TRLR,35.644280000,-83.690280000
GRSM_BD_JCST,35.653967500,-83.581831389
GRSM_HOBO_MAN_0_24,35.659395000,-83.620689000
VALL_JR_Canon_USGS,35.662200000,-106.743470000
GRSM_ELAQ_700,35.664300000,-83.591100000
GRSM_USGS_03497300,35.664533280,-83.711282100
GRSM_2037-1,35.667222000,-83.072778000
GRSM_USGS_03460000,35.667500000,-83.073611100
GRSM_HOBO_LEC_3_36,35.675186000,-83.487383000
GRSM_06_little_river_2_5,35.678917000,-83.644683000
GRSM_C45 Replicate 1,35.679470000,-83.559220000
GRSM_C45 Replicate 2,35.679470000,-83.559220000
GRSM_HOBO_LEC_2_71,35.680000000,-83.490000000
GRSM_SNTR_dogw,35.686600000,-83.537600000
GRSM_OCONsmoke,35.686698770,-83.500515021
GRSM_WPLPhq,35.686740000,-83.535190000
GRSM_TCT2_886,35.688300000,-83.501400000
GRSM_TCT1_780,35.688700000,-83.501100000
GRSM_HOBO_LEC_2_34,35.690000000,-83.500000000
GRSM_EPA_ERST,35.690283300,-83.319716700
GRSM_RFKupper,35.694203292,-83.465506160
GRSM_CMAQ_601,35.696600000,-83.609800000
GRSM_HOBO_WPLP_19_38,35.701031000,-83.527351000
GRSM_EPA_MPST,35.702650000,-83.334450000
GRSM_MPL_RP,35.702802200,-83.332964167
GRSM-HH,35.702824200,-83.701213200
GRSM_EPA_RPST,35.704283300,-83.329500000
GRSM-DH,35.706927800,-83.710495100
GRSM-RH,35.709942500,-83.716098600
VALL_VC_PCG,35.714400000,-106.621120000
GRSM_MPL_UPSTR,35.714662780,-83.383152200
GRSM_RFKbound,35.714908781,-83.485715649
VALL_WS_VCNJ_Conejos,35.718050000,-106.586110000
GRSM_HOBO_WPLP_16_90,35.724966000,-83.514251000
GRSM_GREE_840,35.729800000,-83.406700000
GRSM_MPL_MID,35.732029440,-83.406465000
GRSM_C41 Replicate 1,35.732470000,-83.410830000
GRSM_C41 Replicate 2,35.732470000,-83.410830000
BANDCAP02,35.735843946,-106.323684480
GRSM_HOBO_MPLP_25_66,35.736405000,-83.413948000
GRSM_HOBO_ICC_6_08,35.737160000,-83.276422000
GRSM_MPL_DOWN,35.738639440,-83.415930833
GRSM_HOBO_COS_13_60,35.747144000,-83.200126000
BANDCAP01,35.758926033,-106.330563467
GRSM_BD_RCST,35.761351100,-83.210112200
GRSM_HOBO_WPLP_13_56,35.761604000,-83.523321000
GRSM_BD_CCST,35.763239444,-83.211003611
GRSM_HOBO_GBC_3_30,35.765386000,-83.253836000
GRSM_DGAT_912,35.770600000,-83.111300000
GRSM_C40 Replicate 1,35.771420000,-83.213550000
GRSM_C40 Replicate 2,35.771420000,-83.213550000
BANDRIT01,35.776394660,-106.268343300
VALL_WS_VJEM_Jemez_Springs,35.779720000,-106.688890000
BANDRIT02,35.815300287,-106.360326325
VALL_RioCeb_Lower,35.822110000,-106.786780000
VALL_EFJR_BR,35.827990000,-106.643470000
VALL_RSA_BR,35.829190000,-106.643640000
VALL_WS_VCEB_Cebollita_Springs,35.831110000,-106.720830000
VALL_EFJR_HV,35.836580000,-106.501650000
VALL_WS_JESN5_Jemez,35.840556000,-106.619722000
VALL_WS_VHVY_Hidden_Valley,35.840830000,-106.500560000
VALL_EFJR,35.847030000,-106.491970000
NATR_BUBR,35.848111111,-87.053694444
VALL_WS_VHVC_Headquarters,35.852780000,-106.521100000
VALL_EFJR_ACJC,35.854830000,-106.478260000
VALL_JC_ACEFJ,35.856740000,-106.478260000
VALL_WS_VLCN5_CRN_Valle_Grande,35.858330000,-106.521390000
VALL_RioCeb_Upper,35.858800000,-106.757630000
VALL_HGC,35.874730000,-106.512030000
VALL_WS_VRDD_Redondo,35.882890000,-106.553610000
VALL_WS_VCDN5_VCNP,35.888610000,-106.530000000
VALL_RC_Upper,35.893120000,-106.576540000
NATR_DOBR,35.907166666,-87.006833333
DEVA_P_LIT0005,35.915213000,-117.019020000
VALL_WS_VLPS_Los_Posos,35.915830000,-106.422780000
SIEN_SEQU_KERNKERN_C,35.945280000,-118.476670000
SIEN_SEQU_KERNKERN,35.945300000,-118.477000000
VALL_RSA_W,35.973450000,-106.596870000
VALL_WS_VVLL_Valle_Toledo,35.973890000,-106.464720000
VALL_WS_VSNT_San_Antonio,35.980560000,-106.570830000
LAKE_P_HOR0042,35.998882000,-114.632845000
DEVA_ECW,36.000000000,-116.000000000
LAKE_P_SUG0011,36.002951000,-114.735593000
GRCA_COTT004,36.023530000,-111.988200000
GRCA_Cottonwood Creek,36.023611000,-111.987500000
GRCA_Cave of the Domes at Gate,36.026708000,-111.983033000
CHCU_USGSADAPS_360143107550401,36.028627150,-107.918395200
Rowe Well,36.034689000,-112.180041000
LAKE_P_GRA0058,36.048242000,-114.020579000
OBRI_Adams_Bridge,36.061667000,-84.961667000
GRCA_Two Tree Spring,36.078015000,-112.125870000
GRCAHER01,36.082700762,-112.212510638
GRCA_Garden Creek_Tapeats,36.085220000,-112.121610000
GRCAGAR01,36.085308917,-112.121509550
PARA_P_LOW0152,36.092840000,-113.573033000
PARA_P_GRE0012,36.093811000,-113.474225000
GRCA_BAC_Phantom Ranch,36.099676000,-112.093997000
GRCA_BAC_Box,36.118717000,-112.083872280
GRCABRI01,36.130839880,-112.075893185
CACHCHI14,36.133889867,-109.472387042
GRCA_Mint Spring,36.140680000,-112.066430000
DEVA_P_GRE0191,36.151472000,-116.624047000
GRCA_Wall Creek,36.163848000,-112.046359000
DEVA_P_PAN0418,36.166908000,-116.974116000
GRCA_Crystal Creek below Dragon,36.169500000,-112.204144000
GRCA_Crystal Creek above Dragon,36.169632000,-112.204329000
GRCA_BAC_CottonwoodCG,36.169820000,-112.041746000
GRCA_Transept Creek,36.171544000,-112.040246000
GRCA_BAC_Manzanita,36.185047200,-112.031997200
DEVA_P_BEN0606,36.192480000,-116.956468000
GRCA_BAC above Roaring Creek,36.193081000,-112.032442000
GRCA_Roaring Creek,36.193396000,112.033519000
GRCA_Roaring Springs_Deep_AT,36.195199000,-112.034397000
GRCA_Roaring Springs_Shallow_LT,36.195273000,-112.034140000
GRCA_Emmett Spring,36.211783000,-112.024414000
DEVA_P_HUM0793,36.221614000,-117.108241000
DEVA_BB,36.230014962,-116.767596478
GRCA_Shinumo_Above CO River,36.239094000,-112.349211000
GRCA_Nanko_South Fork,36.263614000,-111.920917000
GRCA_Nanko_Middle Fork,36.265183000,-111.922071000
DEVA_P_POP0642,36.265575000,-117.193289000
DEVA_D-1,36.274960983,-117.541305039
DEVA_D-3,36.280484267,-116.537366927
KP_Robbers,36.280510000,-112.088910000
KP_Crack,36.280510000,-112.088910000
GRCA_PHAN005,36.280717000,-112.089058000
GRCA_Robbers Roost,36.280717000,-112.089058000
GRCA_Mystic Falls,36.288165000,-111.960352000
GRCA_Shinumo_Modred Abyss,36.289601000,-112.261511000
DEVA_D-4,36.289633545,-117.536384106
DEVA_MS,36.292310899,-117.536446976
DEVA_DVJ-2,36.303147222,-116.454136111
DEVA_DVJ-1,36.303177778,-116.454172222
GRCA_Havasu at Mouth (NPS Gage),36.306800000,-112.761720000
PARA_P_COY0069,36.310736000,-113.693387000
DEVA_D-13,36.315040239,-117.530152923
DEVA_LDW,36.324541008,-117.514018545
SIEN_WEI_SEKI-20_Well-223,36.332800000,-118.618000000
SIEN_WEI_SEKI-04_Well-310,36.334300000,-118.595000000
PARA_P_LIT0087,36.336271000,-113.968918000
LAKE_P_COR0023,36.370727000,-114.460059000
SIEN_WEI_SEKI-11_Well-311,36.373500000,-118.681000000
DEVA_TRPW,36.375277778,-116.658888889
SIEN_WEI_SEKI-11_Well-312,36.375600000,-118.681000000
DEVA_P_SAL0194,36.382626000,-116.721766000
LAKE_P_GNA0050,36.383011000,-114.433934000
LAKE_P_BLUE0,36.389385000,-114.432944000
KP_Stina,36.389460000,-112.299200000
GRCA_ Tapeats above Thunder,36.392538000,-112.451236000
KP_North_Canyon,36.397540000,-112.084640000
GRCA_Dutton Spring,36.399868000,-112.501993000
DEVA_Inyo_BLM-1_Baro,36.400473260,-116.469170300
DEVA_Inyo_BLM-1,36.400473626,-116.469170300
DEVA_Inyo_BLM-1A,36.400522360,-116.469180200
GRCA_Deer Spring,36.401491000,-112.507020000
SIEN_WEI_SEKI-27_Well-350,36.413700000,-118.669000000
SIEN_WEI_SEKI-27_Well-340,36.414600000,-118.669000000
PARA_P_PAKO0,36.414624000,-113.956596000
DEVA_Inyo_BLM-2,36.417054240,-116.494653300
DEVA_USGSADAPS_362532116172701,36.425511580,-116.291706700
DEVA_CR10,36.425555556,-116.290833333
DEVA_CR510,36.425555556,-116.290833333
DEVA_Devils_Hole_Seismic_Study_Data,36.425600000,-116.290800000
SIEN_WEI_SEKI-16_Well-343,36.427700000,-118.429000000
SIEN_WEI_SEKI-23_Well-321,36.433000000,-118.667000000
DEVA_LFCW-1,36.439029300,-116.829724000
HTLN_PERI_Temp_WINTO,36.440553000,94.037520000
HTLN_PERI_Temp_PRATT,36.441130000,-94.034608000
DEVA_USGSADAPS_362629116495601,36.441337550,-116.833107400
DEVA_TRSF,36.441817723,-116.834717394
LAKE_P_GET0066,36.442758000,-114.405262000
DEVA_WRPMW-3,36.444239599,-116.826098065
DEVA_WRPMW-4,36.446120664,-116.801009456
DEVA_LFCW-2,36.446587500,-116.834424100
DEVA_GF-3,36.446911111,-116.382658333
SIEN_WEI_SEKI-08_Well-309,36.447100000,-118.480000000
DEVA_WRPMW-6,36.447435788,-116.829416236
DEVA_WRPMW-2,36.449028435,-116.827292545
DEVA_FC_PW-3,36.449500263,-116.823207294
SIEN_SEQU_KAWEEAFK_R,36.451100000,-118.787000000
DEVA_FC_PW-2,36.451271801,-116.826305555
SIEN_SEQU_KAWEEAFK_C,36.451390000,-118.787500000
SIEN_SEQU_KAWEEAFK_D,36.451400000,-118.787000000
DEVA_TSS_MW-2,36.452277778,-116.828861111
DEVA_FC_PW-1,36.452690817,-116.828813276
DEVA_TSS_MW-1,36.452861111,-116.828138889
DEVA_USGSADAPS_362711116494401,36.453004080,-116.829774000
DEVA_WRPMW-5,36.453071814,-116.812385592
DEVA_TSS-1,36.454853611,-116.828836389
DEVA_TSS-2D,36.455025278,-116.828193333
DEVA_TSS-2I,36.455025278,-116.828193333
DEVA_TSS-2S,36.455025278,-116.828193333
SIEN_WEI_SEKI-32_Well-349,36.455250000,-118.317609000
SIEN_WEI_SEKI-32_Well-347,36.455943000,-118.317723000
DEVA_WRPMW-1,36.456991600,-116.835589169
DEVA_USGSADAPS_362727116501401,36.457448430,-116.838107600
DEVA_TSF,36.457738353,-116.838724348
DEVA_TC_MW-1,36.459519523,-116.852168292
SIEN_WEI_SEKI-24_Well-331,36.459700000,-118.492000000
SIEN_WEI_SEKI-24_Well-326,36.459800000,-118.491000000
SIEN_WEI_SEKI-15_Well-226,36.477300000,-118.653000000
SFAN_PINN_BG,36.482150000,-121.179640000
SFAN_PINN_BV_Rain,36.483400000,-121.157000000
DEVA_P_GNO0081,36.490704000,-116.864068000
DEVA_GF-2A,36.497977778,-116.350233333
DEVA_GF-2B,36.497977778,-116.350233333
GRCA_Vaseys Paradise,36.498940000,-111.857748000
PARA_P_YEL0068,36.499374000,-113.710206000
DEVA_GF-1,36.503305556,-116.363444444
DEVA_P_ARR0137,36.507043000,-117.315466000
PARA_P_LIN0020,36.507487000,-113.665735000
DEVA_USGSADAPS_363031116501501,36.508559020,-116.838385600
DEVA_NSF,36.508842369,-116.838762841
DEVA_NvSpMW-2,36.512344200,-116.821914900
DEVA_NvSpMW-1,36.512379128,-116.821735392
SIEN_SEQU_KAWEMIFK_R,36.513100000,-118.791000000
SIEN_SEQU_KAWEMAPO_R,36.521900000,-118.798000000
DEVA_P_SIS0800,36.549118000,-117.463951000
DEVA_P_BOT0781,36.561927000,-117.458260000
KP_Riggs,36.562050000,-112.326950000
CUGA_YC0,36.571910000,-83.738570000
PARA_P_JUM0125,36.581113000,-113.743737000
SIEN_WEI_SEKI-31_Well-329,36.590000000,-118.626000000
SIEN_WEI_SEKI-31_Well-333,36.590600000,-118.626000000
DEVA_P_BUR0315,36.596591000,-117.445016000
DEVA_SCF,36.599444444,-117.012777778
SIEN_SEQU_KAWEMATO,36.608300000,-118.685000000
SIEN_WEI_SEKI-19_Well-346,36.612800000,-118.723000000
SIEN_WEI_SEKI-19_Well-344,36.613700000,-118.724000000
CUGA_DB3,36.625100000,-83.679390000
CUGA_DB1.5,36.631130000,-83.681230000
PARA_P_LIM0080,36.631827000,-114.042906000
CUGA_DB1,36.634300000,-83.683980000
SIEN_WEI_SEKI-22_Well-332,36.638700000,-118.365000000
SIEN_WEI_SEKI-03_Well-319,36.649600000,-118.739000000
SIEN_WEI_SEKI-03_Well-320,36.649700000,-118.738000000
SIEN_WEI_SEKI-06_Well-315,36.651500000,-118.402000000
SIEN_WEI_SEKI-06_Well-314,36.657300000,-118.400000000
SIEN_WEI_SEKI-07_Well-317,36.672500000,-118.743000000
SIEN_WEI_SEKI-07_Well-316,36.672800000,-118.743000000
SIEN_WEI_SEKI-10_Well-318,36.678300000,-118.587000000
PARA_P_IDE0203,36.727762000,-113.734216000
PARA_P_MUST0197,36.736371000,-113.704258000
SIEN_WEI_SEKI-30_Well-338,36.744000000,-118.687000000
CAVO_001,36.778566000,-103.977586000
HTLN_OZAR_Temp_SPRPHI,36.835469000,90.944947000
SIEN_WEI_SEKI-02_Well-306,36.886900000,-118.604000000
SIEN_WEI_SEKI-02_Well-305,36.887600000,-118.604000000
SIEN_WEI_SEKI-18_Well-215,36.897900000,-118.557000000
DEVA_P_LOS0390,36.899607000,-117.271727000
SIEN_WEI_SEKI-09_Well-307,36.903600000,-118.653000000
DEVA_P_MCD0281,36.904501000,-117.017534000
SIEN_WEI_SEKI-05_Well-348,36.912300000,-118.813000000
SIEN_WEI_SEKI-05_Well-345,36.913000000,-118.812000000
SIEN_WEI_SEKI-29_Well-219,36.934600000,-118.578000000
SIEN_WEI_SEKI-29_Well-341,36.935100000,-118.579000000
DEVA_P_SHR0202,36.935882000,-117.301322000
HTLN_OZAR_Temp_SPRBIG,36.951836000,-90.993154000
DEVA_P_CUR0123,36.969636000,-116.925842000
DEVA_P_NEL0651,36.977693000,-117.152132000
HTLN_GWCA_Temp_CARV1,36.988232000,-94.356588000
HTLN_GWCA_Temp_WILL1,36.988585000,-94.355666000
HTLN_GWCA_Temp_HARK1,36.989330000,-94.359761000
DEVA_P_GRA0378,37.001587000,-117.370512000
DEVA_P_WAU0880,37.004376000,-117.947804000
SIEN_WEI_SEKI-21_Well-334,37.007400000,-118.727000000
SIEN_WEI_SEKI-13_Well-222,37.021400000,-118.500000000
HTLN_OZAR_Temp_CMRY,37.034130000,-91.055114000
HTLN_OZAR_Temp_JM01,37.056824000,-91.666657000
HTLN_OZAR_Temp_JM02,37.060771000,-91.563617000
HTLN_WICR_Temp_TERR1,37.080965000,-93.420330000
HTLN_WICR_Temp_WCLW1,37.091217000,-93.403971000
QMYC NPSLR,37.092600000,-86.064500000
HTLN_WICR_Temp_SKEG1,37.097300000,93.411644000
SIEN_WEI_SEKI_01_Well_308,37.098000000,-118.570000000
BOWA_03_pilot,37.106920000,-79.730140000
BOWA_03,37.106927000,-79.730143000
HTLN_OZAR_Temp_CM05,37.114590000,-91.131614000
HTLN_WICR_Temp_WCUP1,37.116040000,-93.406907000
HTLN_OZAR_Temp_JM03,37.120347000,-91.504685000
HTLN_OZAR_Temp_JMAL,37.151885000,-91.430508000
HTLN_OZAR_Temp_CM04,37.159045000,-91.169785000
ZION_P3_left,37.163503664,-112.959482206
ZION_P3_instream,37.163608105,-112.959518933
ZION_P3_right,37.163673835,-112.959588914
HTLN_OZAR_Temp_SPRBLU,37.166187000,-91.162457000
HTLN_OZAR_Temp_JMSH,37.173518000,-91.301924000
HTLN_OZAR_Temp_CMTR,37.191160000,91.271390000
COLO_TR-2P05,37.200800000,76.739300000
COLO_TR-2P09,37.200800000,76.739300000
COLO_TR-2W13,37.200800000,76.739300000
COLO_TR-2W29,37.200800000,76.739300000
COLO_EW-4W09,37.202210000,-76.735600000
COLO_EW-3W08,37.202250000,-76.735400000
COLO_EW-8W07,37.202250000,-76.735960000
COLO_EW-8W11,37.202250000,-76.735960000
COLO_EW-2W06,37.202290000,-76.735300000
COLO_EW-2W10,37.202290000,-76.735300000
COLO_BP-1W07,37.202330000,-76.735200000
COLO_EW-1W07,37.202330000,-76.735200000
COLO_EW-9W07,37.202330000,-76.735970000
COLO_BP-6P06,37.202710000,-76.736000000
COLO_BP-6W11,37.202710000,-76.736000000
COLO_BP-5W10,37.202760000,-76.736000000
COLO_BP-3W12,37.202800000,-76.736020000
COLO_BP-4W08,37.202820000,-76.736000000
COLO_BP-3P02,37.202880000,-76.736020000
COLO_BP-3W07,37.202880000,-76.736020000
COLO_BP-3P04,37.202880000,-76.736020000
COLO_BP-2W09,37.203010000,-76.736040000
COLO_BP-1W13,37.203050000,-76.736100000
COLO_TR-1P08,37.206500000,76.771400000
COLO_TR-1P14,37.206500000,76.771400000
COLO_TR-1W25,37.206500000,76.771400000
COLO_TR-1P05,37.206500000,76.771400000
COLO_TR-1P07,37.206500000,76.771400000
COLO_M19_WaterLevel,37.206867000,-76.759793000
COLO_IH-6P17,37.210780000,-76.765900000
COLO_IH-4W13,37.211020000,-76.765600000
COLO_IH-2W10,37.211290000,-76.765400000
COLO_IH-1W10,37.211340000,-76.765300000
COLO_2003,37.214616700,-76.744833333
COLO_2008-2012,37.214616700,-76.744833333
COLO_2014,37.214616700,-76.744833333
COLO_2016,37.214616700,-76.744833333
COLO_2018,37.214616700,-76.744833333
MEVEMAN02,37.219800895,-108.341568487
PETE_03_pilot,37.238460000,-77.360910000
MEVEMAN01,37.252561070,-108.357355800
DEVA_P_LCM0255,37.275991000,-117.662994000
HTLN_OZAR_Temp_CM03,37.279158000,91.404283000
HTLN_OZAR_Temp_SPRROU,37.282792000,-91.407601000
HTLN_OZAR_Temp_CM02,37.312814000,-91.465887000
HTLN_OZAR_Temp_CM02_2013,37.319682000,-91.475549000
HTLN_OZAR_Temp_SPRPUL,37.334688000,-91.489721000
APCO_03_pilot,37.383477000,-78.781493000
HTLN_OZAR_Temp_SPRWEL,37.393888000,-91.574036000
DEVA_USGSADAPS_372340113113001,37.394425140,-113.192448100
HTLN_OZAR_Temp_CM01,37.418020000,-91.604127000
RICH_07_pilot,37.419480000,-77.245120000
ERMN13,37.532526000,-81.017159000
SIEN_WEI_YOSE-19_Well-325,37.560700000,-119.596000000
ERMN14,37.599460000,-80.948614000
SIEN_WEI_YOSE-03_Well-224,37.624100000,-119.611000000
SIEN_WEI_YOSE-07_Well-328,37.625800000,-119.582000000
SIEN_WEI_DEPO_Well409,37.628436000,-119.086579000
DEPO_SCRIPPS_Wx_station,37.629300000,-119.084700000
SIEN_DEPO_SAJOMIFK,37.631900000,-119.086000000
GRSA_215,37.691596050,-105.707225000
SIEN_WEI_YOSE-23_Well-342,37.692500000,-119.513000000
YOSE_MERC_ILLI,37.712200000,-119.559800000
GRSA_404,37.716800887,-105.632263020
SIEN_WEI_YOSE-20_Well-059,37.719300000,-119.462000000
SIEN_WEI_YOSE-20_Well-053,37.720400000,-119.462000000
GRSA_302,37.721630000,-105.624088000
GRSA_N11,37.726845900,-105.510030000
SIEN_YOSE_MERCHAIS,37.731390000,-119.558060000
SIEN_YOSE_MERCPOBR,37.731700000,-119.665000000
GRSA_202,37.735493950,-105.661542700
YOSE_MERC_YV_Well_90,37.737980000,-119.568850000
GRSA_203,37.738045320,-105.656582900
YOSE_MERC_AHSC,37.738100000,-119.403800000
SIEN_YOSE_MERCHISC,37.738300000,-119.403000000
YOSE_MERC_YV_Well_34,37.738300000,-119.570790000
YOSE_MERC_YV_Well_33,37.738740000,-119.570780000
YOSE_MERC_YV_Well_36,37.738880000,-119.571700000
YOSE_MERC_YV_Well_91,37.739040000,-119.568760000
YOSE_MERC_YV_Well_53,37.739040000,-119.566210000
YOSE_MERC_YV_Well_37,37.739380000,-119.572290000
YOSE_MERC_YV_Well_38,37.739450000,-119.570770000
YOSE_MERC_YV_Well_85,37.739770000,-119.568890000
YOSE_MERC_YV_Well_51,37.739770000,-119.567790000
YOSE_MERC_YV_Well_42,37.739950000,-119.572290000
GRSA_210,37.739999820,-105.654988600
YOSE_MERC_YV_Well_14,37.740070000,-119.576030000
YOSE_MERC_YV_Well_39,37.740090000,-119.570900000
YOSE_MERC_YV_Well_86,37.740400000,-119.569050000
YOSE_MERC_YV_Well_43,37.740570000,-119.572260000
YOSE_MERC_YV_Well_13,37.740590000,-119.575200000
YOSE_MERC_YV_Well_50,37.740840000,-119.567190000
YOSE_MERC_YV_Well_12,37.740880000,-119.574500000
YOSE_MERC_YV_Well_40,37.740920000,-119.570820000
YOSE_MERC_YV_Well_76,37.740940000,-119.564990000
YOSE_MERC_YV_Well_11,37.741070000,-119.576830000
YOSE_MERC_YV_Well_44,37.741090000,-119.572270000
YOSE_MERC_YV_Well_67,37.741110000,-119.566280000
YOSE_MERC_YV_Well_47,37.741230000,-119.569060000
YOSE_MERC_YV_Well_7,37.741330000,-119.573960000
YOSE_MERC_YV_Well_41,37.741540000,-119.570810000
YOSE_MERC_YV_Well_10,37.741570000,-119.576240000
YOSE_MERC_YV_Well_48,37.741570000,-119.568150000
YOSE_MERC_YV_Well_75,37.741580000,-119.565540000
YOSE_MERC_YV_Well_62,37.741610000,-119.572230000
YOSE_MERC_YV_Well_68,37.741670000,-119.567000000
YOSE_MERC_YV_Well_8,37.741710000,-119.573240000
YOSE_MERC_YV_Well_95,37.741760000,-119.564550000
YOSE_MERC_YV_Well_46,37.741900000,-119.568670000
YOSE_MERC_YV_Well_63,37.741950000,-119.572130000
YOSE_MERC_YV_Well_9,37.741970000,-119.576080000
YOSE_MERC_TENAYA,37.742000000,-119.557400000
YOSE_MERC_YV_Well_60,37.742170000,-119.571100000
YOSE_MERC_YV_Well_69,37.742250000,-119.567580000
YOSE_MERC_YV_Well_55,37.742300000,-119.569960000
YOSE_MERC_YV_Well_45,37.742340000,-119.569080000
YOSE_MERC_YV_Well_1,37.742380000,-119.574700000
YOSE_MERC_YV_Well_64,37.742400000,-119.572100000
YOSE_MERC_YV_Well_72,37.742420000,-119.566330000
YOSE_MERC_YV_Well_74,37.742420000,-119.566330000
YOSE_MERC_YV_Well_15,37.742670000,-119.577640000
YOSE_MERC_YV_Well_16,37.742680000,-119.576610000
YOSE_MERC_YV_Well_56,37.742800000,-119.570470000
YOSE_MERC_YV_Well_2,37.742850000,-119.574350000
YOSE_MERC_YV_Well_18,37.742890000,-119.578290000
YOSE_MERC_YV_Well_59,37.742930000,-119.571220000
YOSE_MERC_YDUP_Well3c,37.742937980,-119.584845900
YOSE_MERC_YV_Well_73,37.743000000,-119.566000000
YOSE_MERC_YV_Well_54,37.743020000,-119.569430000
YOSE_MERC_YV_Well_70,37.743030000,-119.567930000
YOSE_MERC_YDUP_Well3b,37.743116570,-119.584920200
YOSE_MERC_YV_Well_6,37.743160000,-119.575690000
YOSE_MERC_YV_Well_65,37.743200000,-119.572470000
YOSE_MERC_YDUP_Well4c,37.743225520,-119.584061600
YOSE_MERC_YDUP_Well3a,37.743295160,-119.584994500
YOSE_MERC_YV_Well_3,37.743310000,-119.573270000
YOSE_MERC_YDUP_Well2c,37.743352340,-119.586494300
YOSE_MERC_YV_Well_61,37.743380000,-119.571360000
YOSE_MERC_YDUP_Well4b,37.743404850,-119.584101800
YOSE_MERC_YDUP_Well5c,37.743413560,-119.583705000
YOSE_MERC_YDUP_Well 2b,37.743446620,-119.586304700
YOSE_MERC_YDUP_Well2a,37.743451100,-119.586100600
YOSE_MERC_YV_Well_57,37.743460000,-119.570400000
YOSE_MERC_YV_Well_99,37.743560000,-119.566220000
YOSE_MERC_YDUP_Well4a,37.743584190,-119.584142100
YOSE_MERC_YDUP_Well5b,37.743592650,-119.583756600
YOSE_MERC_YV_Well_17,37.743760000,-119.577580000
YOSE_MERC_YV_Well_4,37.743770000,-119.574100000
YOSE_MERC_YV_Well_5,37.743770000,-119.574850000
YOSE_MERC_YDUP_Well5a,37.743772230,-119.583785500
YOSE_MERC_YDUP_Well1c,37.743801050,-119.586578000
YOSE_MERC_YDUP_Well1b,37.743805040,-119.586396600
YOSE_MERC_YV_Well_66,37.743860000,-119.572410000
YOSE_MERC_YDUP_Well 1a,37.743899310,-119.586207000
YOSE_MERC_YV_Well_100,37.744020000,-119.580330000
YOSE_MERC_YV_Well_89,37.744510000,-119.576500000
YOSE_MERC_YV_Well_32,37.744770000,-119.577470000
YOSE_MERC_YV_Well_22,37.744820000,-119.581470000
YOSE_MERC_YV_Well_77,37.745090000,-119.570800000
YOSE_MERC_YV_Well_79,37.745150000,-119.572630000
YOSE_MERC_YV_Well_28,37.745240000,-119.579700000
YOSE_MERC_YV_Well_21,37.745440000,-119.581250000
YOSE_MERC_YV_Well_29,37.745680000,-119.578800000
YOSE_MERC_YV_Well_88,37.745690000,-119.576180000
YOSE_MERC_YV_Well_31,37.746160000,-119.577980000
YOSE_MERC_YV_Well_27,37.746610000,-119.579680000
YOSE_MERC_YV_Well_87,37.746750000,-119.575760000
YOSE_MERC_YV_Well_20,37.746890000,-119.581070000
GRSA_213,37.747210220,-105.691488200
YOSE_MERC_YV_Well_30,37.747220000,-119.578260000
YOSE_MERC_YV_Well_26,37.747910000,-119.579860000
YOSE_MERC_YV_Well_19,37.748050000,-119.581010000
GRSA_212,37.748198000,-105.691501000
ERMN11,37.749693690,-80.931696423
SIEN_WEI_YOSE-15_Well-336,37.749800000,-119.664000000
GRSA_306,37.767389870,-105.624715000
YOSE_TUOL_MACL,37.772200000,-119.264400000
SIEN_YOSE_TUOLLYFK,37.777000000,-119.262100000
GRSA_207,37.780645890,-105.632680600
GRSA_307,37.781518780,-105.632903600
GRSA_204,37.781908120,-105.632724800
SIEN_WEI_YOSE-04_Well-301,37.784600000,-119.441000000
SIEN_WEI_YOSE-04_Well-327,37.784900000,-119.441000000
PRSF_MTL,37.787420000,-122.470920000
YOSE_TUOL_KUNA,37.795000000,-119.262200000
YOSE_TUOL_ROCK,37.803600000,-119.263600000
GOGA_CRFI_WQ,37.804800000,-122.454000000
GOGA_CRFI_TIDE,37.804943000,-122.453860000
GOGA_NOAA_9414290,37.806666700,-122.465000000
SIEN_WEI_YOSE-24_Well-051,37.813700000,-119.373000000
SIEN_WEI_YOSE-11_Well-323,37.814100000,-119.569000000
SIEN_WEI_YOSE-11_Well-322,37.814600000,-119.569000000
GRSA-Sand_Creek,37.829486000,-105.593053000
GRSA-Sand_Creek_Air_Temp,37.829486000,-105.593053000
GOGA_MAHE_LAGN_PED,37.831351000,-122.536445337
GRSA_300,37.831939535,-105.587344910
GOGA_MAHE_LAGN_CAR,37.831954104,-122.526157245
YOSE_TUOL_ACK_CON,37.831995600,-119.849801100
GOGA_MAHE_LAKE,37.832034000,-122.525952000
GOGA_MAHE_1062_BARO,37.832446000,-122.536701000
YOSE_TUOL_ACK_NRTH,37.833096700,-119.847669100
GOGA_MAHE_RAIN,37.833580000,-122.540180000
GOGA_MAHE-36_GW,37.833690000,-122.540190000
GOGA_MAHE-26_GW,37.834180000,-122.539790000
GOGA_TEVA-3_GW,37.842812700,-122.550857400
GOGA_TEVA-2_GW,37.846116000,-122.547423476
GOGA_TEVA-1_GW,37.847062000,-122.545201277
GOGA_TEVA_EL,37.847559951,-122.544501095
GOGA_TEVA-4_GW,37.852572000,-122.538380000
GOGA_TEVA-6_GW,37.852828100,-122.538095500
GOGA_TEVA-5_GW,37.852943500,-122.538435800
GOGA_MUBE_LAGN,37.860315000,-122.575913000
YOSE_CATHEDRALSPRBLWJMT,37.861900000,-119.405300000
GOGA_MUBE-4A_GW,37.861931400,-122.573621500
GOGA_MUBE-4B_GW,37.861958900,-122.574035800
GOGA_MUBE-4_GW,37.861967720,-122.573334800
GOGA_MUBE-4C_GW,37.861985600,-122.574234500
GOGA_MUBE-1A_GW,37.863118200,-122.573867300
GOGA_MUBE-1B_GW,37.863361700,-122.574571100
GOGA_MUBE_USGS_11460151,37.866111000,-122.578611000
SFAN_GOGA_RW,37.866119000,-122.578503000
GOGA_BAND_BARO,37.866123000,-122.579579000
SFAN_GOGA_RW_RAIN,37.866150000,-122.579520000
GOGA_BAND_POND,37.868027200,-122.580628700
GOGA_BAND-4_GW,37.868890000,-122.582683600
YOSE_TUOL_TWBR,37.869616000,-119.330855000
GOGA_BAND-5_GW,37.870212200,-122.582548500
GOGA_BAND-6_GW,37.870861800,-122.583709600
YOSE_TUOL_BUDD_F,37.871760000,-119.383560000
YOSE_TUOL_BUDD_RK,37.873045000,-119.381845000
YOSE_TUOL_BUDD_AC,37.873493000,-119.381638000
YOSE_TUOL_BUDD_BC,37.873622000,-119.381663000
SIEN_YOSE_TUOLTIRO,37.876200000,-119.354900000
YOSE_TUOL_DANA,37.876846000,-119.338425000
YOSE_TUOL_PARS,37.877191000,-119.367171000
YOSE_TUOL_BUGL,37.878083000,-119.340119000
YOSE_TUOL_SNOW_GPT,37.881742000,-119.312323000
YOSE_TUOL_DELA_BPCT,37.884200000,-119.378100000
YOSE_TUOL_DELA_APCT,37.885000000,-119.375000000
MUIR,37.891915000,-122.559028000
GOGA_MUWO_B3,37.897675843,-122.575279492
GOGA_USGSADAPS_375353122381901,37.897981650,-122.639703800
SFAN_GOGA_EK,37.898390000,-122.641460000
SIEN_WEI_YOSE-25_Well-063,37.901500000,-119.524000000
SIEN_WEI_YOSE-25_Well-225,37.902100000,-119.523000000
ERMN10,37.913463118,-81.021946762
SIEN_WEI_YOSE-06_Well-313,37.913900000,-119.308000000
SIEN_YOSE_TUOLHEHE,37.916000000,-119.660000000
SIEN_WEI_YOSE-15_Well-339,37.916200000,-119.719000000
YOSE_PV_Well_17,37.917457581,-119.819938660
YOSE_PV_Well_1,37.917583466,-119.820388794
YOSE_PV_Well_16,37.917724609,-119.820732117
YOSE_PV_Well_15,37.917827606,-119.821121216
YOSE_PV_Well_2,37.917850494,-119.821128845
YOSE_PV_Well_12,37.917942047,-119.822410583
YOSE_PV_Well_14,37.917945862,-119.821403503
YOSE_PV_Well_13,37.918083191,-119.821830750
YOSE_PV_Well_3,37.918090820,-119.821823120
YOSE_PV_Well_10,37.918109894,-119.820419312
YOSE_PV_DownstreamStage,37.918231964,-119.822250366
YOSE_PV_Barometer,37.918292999,-119.818145752
YOSE_PV_SouthTribAtRoad,37.918292999,-119.818145752
YOSE_PV_SouthTribDS,37.918292999,-119.818145752
YOSE_PV_Temp_RH,37.918292999,-119.818145752
YOSE_PV_Well_9,37.918464661,-119.819465637
YOSE_PV_Well_4,37.918704987,-119.818260193
YOSE_PV_Well_8,37.918769836,-119.818855286
YOSE_PV_Well_5,37.919010162,-119.818450928
YOSE_PV_Well_19,37.919158936,-119.818565369
YOSE_PV_Well_6,37.919326782,-119.818740845
YOSE_PV_SouthTribUS,37.919555664,-119.816917419
YOSE_PV_Well_18,37.919605255,-119.818984985
YOSE_PV_UpstreamStage,37.919662476,-119.818946838
SFAN_PORE_PG,37.919730000,-122.691920000
YOSE_PV_NorthTrib,37.920265198,-119.821868896
YOSE_PV_Well_11,37.920345306,-119.819564819
YOSE_PV_Well_7,37.920799255,-119.819931030
YOSE_PV_Pond,37.921150208,-119.820259094
SIEN_WEI_YOSE-22_Well-058,37.934700000,-119.338000000
GRSA_259,37.940560910,-105.529040900
GRSA_N10,37.940708430,-105.528941000
GRSA_260,37.940725780,-105.528450200
GRSA_261,37.940928450,-105.527473000
GRSA_257,37.941332560,-105.541690300
GRSA_255,37.942310650,-105.542630700
GRSA_254,37.942513400,-105.541664900
GRSA_256,37.942822450,-105.541086700
ERMN05,37.954667000,-81.075372000
ERMN09,37.961680396,-81.012869236
SIEN_YOSE_TUOLFACK,37.970800000,-119.763000000
SIEN_WEI_YOSE-21_Well-217,37.977146000,-119.781716000
SIEN_WEI_YOSE-18_Well-220,37.995700000,-119.671000000
SIEN_WEI_YOSE-13_Well-335,38.026400000,-119.554000000
SFAN_PORE_OV,38.038600000,-122.785840000
BEOL_Well 3,38.038648980,-103.429797000
BEOL_Well 18,38.040629120,-103.432394600
BEOL_Well 2,38.040667370,-103.429846400
BEOL_Well 1,38.040752670,-103.428727900
SFAN_PORE_OL,38.041914000,-122.789750000
BEOL_Well 5,38.045063000,-103.432726000
BEOL_Well 6,38.046296000,-103.429975000
ASIS_M5_WaterLevel,38.048210000,-75.234400000
ASIS_M8_WaterLevel,38.089134000,-75.222018000
ASIS_BL_WaterLevel,38.109370000,-75.195216000
SIEN_WEI_YOSE-01_Well-214,38.117700000,-119.669000000
ASIS_M6_WaterLevel,38.143613000,-75.187342000
ASIS_M4_WaterLevel,38.167098000,-75.179385000
ASIS_TG_WaterLevel,38.178819000,-75.174130000
GEWA_2019,38.183700000,-76.914020000
GEWA_2009,38.183733330,-76.914066660
GEWA_2011,38.183733330,-76.914066660
GEWA_2013,38.183733330,-76.914066660
GEWA_2015,38.183733330,-76.914066660
GEWA_2017,38.183733330,-76.914066660
ASIS_Seagrass,38.187486000,-75.182464000
ASIS_2005,38.188920000,-75.191240000
ASIS_2006-2012,38.188920000,-75.191240000
ASIS_2016,38.188920000,-75.191240000
ASIS_2014,38.188920000,-75.191240000
ASIS_2020,38.188920000,-75.191240000
ASIS_2018,38.189490000,-75.192730000
SHEN_SWAS_PAIN,38.198600000,-78.793400000
ASIS_DA_WaterLevel,38.201134000,-75.161997000
ERMN16,38.215017000,-80.888109000
ERMN15,38.221439000,-81.116334000
SHEN_SWAS_WOR1,38.250740000,-78.748630000
CARE_F1_right,38.278649322,-111.186573577
CARE_F1_instream,38.278761845,-111.186713371
CARE_F1_left,38.278897834,-111.186838473
ASIS_KMO5_WaterLevel,38.320465000,-75.100407000
FRSP_15_pilot,38.324630000,-77.726550000
HTLN_TAPR_Temp_MID02,38.430267000,-96.559617000
HTLN_TAPR_Temp_WTPND,38.433929000,-96.563177000
HTLN_TAPR_Temp_MID01,38.438115000,-96.557981000
HTLN_TAPR_Temp_MID23,38.442092000,-96.594671000
SHEN_SWAS_STAN,38.444610000,-78.370800000
CURE_CIMA,38.447050000,-107.555180000
CURE_EELK,38.484540000,-107.170850000
CURE_CR32,38.517470000,-106.995550000
CURE_SOAP,38.527080000,-107.310210000
CoAgMet Climate Station SCM01,38.543900000,-102.503000000
SAND_Well 8,38.549484390,-102.497729000
SAND_Well 7,38.549592760,-102.498264300
SAND_Well 5,38.549675330,-102.498700300
SAND_Well 10,38.550299060,-102.498208200
SAND_Well 13,38.551071910,-102.503845600
BLCA_URRC,38.571600000,-107.787730000
NCRN_PRWI_SFQC,38.572676000,-77.347374000
NCRN_PRWI_NFQC,38.572704000,-77.347235000
SHEN_SWAS_NFDR,38.633720000,-78.357730000
ARCH_C1_instream,38.649314579,-109.583207881
ARCH_C1_left,38.649521492,-109.583254162
SHEN_SWAS_PINE,38.701760000,-78.267760000
GWMP_DykeMarsh_CreekBank2,38.765429991,-77.049699857
FLFO_705,38.911700910,-105.255722800
FLFO_703,38.912841860,-105.257330158
FLFO_N09,38.913792810,-105.285297000
FLFO_710,38.914093380,-105.277462400
GRBA_SNK1,38.918889000,-114.132778000
GRBA_SNK3,38.921667000,-114.223611000
FLFO_708,38.924322660,-105.284412300
GRBA_DEAD0,38.935859000,-114.274009000
NCRN_WOTR_WOTR,38.940969000,-77.268055000
GRBA_JHNS0,38.943617000,-114.297710000
GRBA_BAKR0,38.957414000,-114.310305000
GRBA_USGS_10243240,38.990833300,-114.205833333
GRBA_BAK1,38.991380000,-114.205540000
GRBA_TRSA0,39.003172000,-114.311176000
GRBA_BRWN0,39.003689000,-114.302123000
GRBA_STLL0,39.005289000,-114.318701000
GRBA_LHM1,39.012270000,-114.214820000
Mather Nevada-Precipitation,39.022778000,-114.272222000
GRBA_STR1,39.064650000,-114.255890000
GETT_07_pilot,39.784650000,-77.244460000
GETT_07,39.784650000,-77.244460000
VAFO_01,40.079200000,-75.460902000
VAFO_01_pilot,40.079200000,-75.460902000
HOFU_01_pilot,40.201700000,-75.767567000
HOFU_01,40.201708000,-75.757569000
ROMO_811,40.211446500,-105.549181500
ROMO_806,40.213107200,-105.545905100
McGraw,40.254600000,-105.290700000
ROMO_514,40.257875050,-105.796476600
ROMO_0685,40.259105380,-105.790501760
ROMO_AVC_All_Data,40.262880000,-105.444930000
ROMO_N13,40.266813495,-105.832723357
ROMO_592,40.280660930,-105.837410300
ROMO_301,40.308286890,-105.814348900
ROMO_614,40.313494093,-105.809252523
ROMO_604,40.313622952,-105.809995551
ROMO_507,40.313946429,-105.811611772
ROMO_511,40.314247675,-105.812333286
ROMO_0332,40.314350750,-105.549892270
ROMO_S03,40.324861270,-105.856084700
ROMO_503,40.340657214,-105.848147525
ROMO_522,40.342909461,-105.859207993
ROMO_S02,40.351573000,-105.581206000
ROMO_724,40.355209539,-105.595542642
ROMO_505,40.355306770,-105.593681600
ROMO_589,40.355746122,-105.593850324
ROMO_506,40.356100390,-105.593500200
ROMO_590,40.357142153,-105.594168764
ROMO_701,40.357589663,-105.594737979
ROMO_530,40.363396450,-105.575968300
ROMO_N12,40.366217951,-105.560963266
ROMO_599,40.372368570,-105.601593700
ROMO_618,40.382153443,-105.850611596
ROMO_617,40.383072603,-105.851801241
ROMO_616,40.383465296,-105.852300970
ROMO_615,40.383793448,-105.852941326
ROMO_591,40.391893044,-105.846810571
ROMO_G01,40.393552610,-105.656803780
ROMO_515,40.396214512,-105.860627552
ROMO_556,40.400115290,-105.646066500
ROMO_0032,40.400234920,-105.684540840
ROMO_551,40.403023659,-105.708128287
ROMO_612,40.403195572,-105.708000379
ROMO_611,40.403323143,-105.707766021
ROMO_605,40.403341081,-105.707778007
ROMO_BHC_TEST,40.403889000,-105.593750000
ROMO_548,40.409432400,-105.719014700
ROMO_501,40.412231869,-105.649483114
ERMN_ALPO_Millstone_Run,40.418690000,-78.484100000
ROMO_557,40.422930950,-105.813674600
ROMO_588,40.423647910,-105.807789200
GATE_M2_WaterLevel,40.430780000,-73.993048000
ROMO_S01L,40.437804608,-105.851947225
ROMO_SEI_S01L,40.438340000,-105.851910000
ROMO_N08,40.441018626,-105.754512400
TICA_AmericanForkR,40.442406000,-111.713411000
GATE_M1_WaterLevel,40.448863000,-73.999968000
ROMO_S01U,40.453841814,-105.845946625
ROMO_SEI_S01U,40.454490000,-105.845950000
ROMO_533,40.454723046,-105.860052805
ROMN_TEST,40.500000000,-106.500000000
DINO_USGSADAPS_403011109084301,40.503018560,-109.145957700
GATE_2003-2006,40.591944000,-73.879306000
GATE_2010,40.591944000,-73.879306000
GATE_2012,40.591944000,-73.879306000
GATE_2014,40.591944000,-73.879306000
GATE_2016,40.591944000,-73.879306000
GATE_2018,40.591944000,-73.879306000
GATE_BE_Waterlevel,40.595253000,-73.827006000
GATE_Joco_Waterlevel,40.611541000,-73.785226000
GATE_BB_Waterlevel,40.620833000,-73.833743000
FIIS_LH_WaterLevel,40.634300000,-73.216300000
FIIS_2009-2011,40.675470000,-73.039900000
FIIS_2003,40.675470000,-73.039900000
FIIS_2014,40.675470000,-73.039900000
FIIS_2013,40.675470000,-73.039900000
FIIS_2016,40.675470000,-73.039900000
FIIS_2015,40.675470000,-73.039900000
FIIS_2017,40.675470000,-73.039900000
FIIS_2019,40.675470000,-73.039900000
FIIS_M4_WaterLevel,40.694966000,-72.984700000
FIIS_WH_WaterLevel,40.695762000,-72.981955000
FIIS_GSB_WaterLevel,40.717696000,-72.935735000
FIIS_Seagrass,40.719644000,-72.938222000
FIIS_M2_WaterLevel,40.721002000,-72.910153000
FIIS_M1_WaterLevel,40.721900000,-72.916300000
FIIS_HP_WaterLevel,40.729608000,-72.893913000
DINO_USGSADAPS_404430108523001,40.741629280,-108.875671200
FIIS_GG_WaterLevel,40.758800000,-72.786300000
FIIS_WF_WaterLevel,40.759589000,-72.817566000
ERMN08,40.971390000,-75.143970000
ERMN04,41.013980000,-75.085487000
ERMN18,41.055210000,-75.012600000
ERMN19,41.058010000,-75.003200000
ERMN07,41.064700000,-74.984440000
ERMN20,41.068260000,-74.978350000
ERMN21,41.068870000,-74.970990000
ERMN22,41.071800000,-74.964290000
ERMN23,41.074500000,-74.959900000
HTLN_CUVA_124,41.210000000,-81.550000000
HTLN_CUVA_241K,41.220000000,-81.520000000
ERMN06,41.241467000,-74.869753000
HTLN_CUVA_526,41.250000000,-81.540000000
HTLN_CUVA_683,41.260000000,-81.540000000
HTLN_CUVA_554,41.270000000,-81.570000000
HTLN_CUVA_398,41.290000000,-81.580000000
UPDE BADR 2015,41.303200000,-74.590900000
ERMN03,41.309313000,-74.795543000
HTLN_CUVA_970,41.350000000,-81.600000000
UPDE_APLR2017,41.475830000,-75.035830000
UPDE_BPLR2017,41.486630000,-74.988958000
UPDE_NOCA_2011WT,41.670000000,-75.070000000
UPDE_NOCA_06_2011,41.670000000,-75.060000000
CACR_2011,41.670000000,-75.060000000
HOCR_2011,41.750000000,-75.100000000
CACO_PB_2019,41.751370000,-69.957960000
CACO_PB_2018,41.751400000,-69.957970000
CACO_PB_WaterLevel,41.751491000,-69.954856000
CACO_Seagrass_MA20.2,41.751731000,-69.955561400
CACO_PB_2016,41.751800000,-69.957800000
CACO_PB_2007,41.751855000,-69.957937000
CACO_PB_2008,41.751855000,-69.957937000
CACO_PB_2009,41.751855000,-69.957937000
CACO_PB_2010,41.751855000,-69.957937000
CACO_PB_2007-2011,41.751855000,-69.957937000
CACO_PB_2015,41.751855000,-69.957937000
CACO_PB_2017,41.751855000,-69.957937000
CACO_PB_2014,41.751900000,-69.957800000
CACO_PB_2012,41.751911000,-69.958221000
CACO_PB_2013,41.752079000,-69.957657000
CACO_PB-T (pb2),41.757359000,-69.934903697
CACO_PB-U (pb1),41.757414000,-69.933474748
CACO_PB-L (pb3),41.757481000,-69.941697815
UPDE_HOCR_Conductivity_2012,41.760000000,-75.100000000
UPDE_HOCR_D.O._2012,41.760000000,-75.100000000
UPDE_HOCR_Dissolved Oxygen % Saturation_2012,41.760000000,-75.100000000
UPDE_HOCR_pH_2012,41.760000000,-75.100000000
UPDE_HOCR_Temp_2012,41.760000000,-75.100000000
UPDE_HOCR_Turbidity_2012,41.760000000,-75.100000000
CACO_NM_2019,41.808110000,-69.952370000
CACO_NM_2018,41.808320000,-69.952550000
CACO_NM_2012,41.808548000,-69.952385000
CACO_NM_2013,41.808600000,-69.952300000
CACO_NM_2014,41.808600000,-69.952300000
CACO_NM_2016,41.809000000,-69.952000000
CACO_NausetSouth_WaterLevel,41.816710000,-69.955270000
CACO_NM_2007,41.819188000,-69.958193000
CACO_NM_2010,41.819188000,-69.958193000
CACO_NM_2007-2011,41.819188000,-69.958193000
UPDE_HACR_2011,41.820000000,-75.090000000
CACO_NM_2008,41.821304000,-69.959076000
CACO_NM_2009,41.821331000,-69.959099000
CACO_NausetNorth_WaterLevel,41.824420000,-69.962900000
CACO_NM-L (nm3),41.834769000,-69.948612208
CACO_SP_2016,41.835000000,-69.970000000
CACO_NM-T (nm2),41.835089000,-69.946880919
CACO_NM-U (nm1),41.835199000,-69.946484539
CACO_SP_2018,41.835230000,-69.970260000
CACO_SP_2019,41.835250000,-69.970210000
CACO_SP_2014,41.835300000,-69.970300000
CACO_SP_2012,41.835480000,-69.970772000
CACO_EGW-60,41.837800000,-69.973800000
CACO_EGW-51,41.838200000,-69.987500000
EQCR_2011,41.840000000,-75.220000000
CACO_EGW-48,41.850900000,-69.963300000
CACO_EGW-50,41.852200000,-69.953600000
CACO_EGW-49,41.854000000,-69.956800000
CACO_EGW-53,41.857800000,-69.952200000
LODR,41.867000000,-75.213000000
ERMN01.2014.retired,41.867620000,-75.213801000
ERMN01,41.867876000,-75.213757000
HeRRON - Old Saw,41.923042000,-70.049625000
CACO_WNW-89,41.924500000,-70.000700000
CACO_GUT-L (gut 3),41.926447000,-70.070622419
CACO_GUT-T (gut2),41.926579000,-70.071866881
CACO_GUT-U (gut1),41.926579000,-70.071866881
CACO_WNW-124,41.929800000,-70.001700000
HeRRON-CNR,41.930980000,-70.062830000
CACO_Mill Creek,41.933621000,-70.056365000
HeRRON-Mill Creek,41.933710000,-70.054410000
CACO_HW-4s,41.934300000,-70.005200000
CACO_Nieski,41.934754000,-70.053645000
CACO_WNW-123,41.936600000,-70.001100000
HeRRON - Dog Leg,41.939690000,-70.053470000
UPDE_SHCR_2011,41.940000000,-75.280000000
SHCR 2011,41.940000000,-75.280000000
UPDE_EBDE_2011,41.940000000,-75.270000000
UPDE_WBDR_Conductivity_2012,41.940000000,-75.280000000
WBDR_2011,41.940000000,-75.280000000
UPDE_WBDR_Turbidity_2012,41.940000000,-75.280000000
UPDE_WBDR_DO_2012,41.940000000,-75.280000000
UPDE_WBDR_Dissolved Oxygen % Saturation_2012,41.940000000,-75.280000000
UPDE_WBDR_pH_2012,41.940000000,-75.280000000
UPDE_WBDR_Temp_2012,41.940000000,-75.280000000
SHCR_2011,41.940059000,-75.289615000
UPDE_WBDR_2016,41.940387000,-75.282206200
CACO_High Toss,41.943832000,-70.056714000
UPDE_EBDR_2015,41.944000000,-75.279000000
CACO_WNW-30,41.944000000,-70.020300000
HeRRON - High Toss,41.944080000,-70.057370000
CACO_DH_WaterLevel,41.945629000,-70.080003000
CACO_Seagrass_MA20.1,41.945903000,-70.079550000
UPDE_EBDR_2016,41.949116000,-75.279760000
CACO_Bound Brook,41.954308000,-70.053557000
UPDE_SACR_2015,41.956332000,-75.296561000
CACO_WNW-105,41.960700000,-70.012300000
CACO_Black Pond Road,41.961570000,-70.027479000
CACO_Ryder Beach,41.963321000,-70.065616000
CACO_WNW-122,41.963400000,-70.016600000
CACO_TSW-257,41.968900000,-70.045000000
CACO_TSW-256,41.973200000,-70.023600000
CACO_TSW-216,41.978700000,-70.065900000
CACO_TSW-261,41.985400000,-70.039100000
CACO_TSW-282,41.986900000,-70.019900000
DEAN_MORA_LONGMIRE,42.000000000,-100.000000000
CACO_TSW-258,42.017100000,-70.060000000
CACO_TSW-106,42.035500000,-70.060700000
CACO_WE-T (we2),42.035903000,-70.201676105
CACO_WE-U (we3),42.035953000,-70.201893276
CACO_WE-L (we1),42.036817000,-70.199533632
CACO_TSW-134,42.042700000,-70.079200000
CACO_HH-T (hh2),42.062126000,-70.229587575
CACO_HH-U (hh3),42.062481000,-70.228602705
CACO_HH-L (hh1),42.064208000,-70.236725432
CACO_PT-5,42.064600000,-70.216100000
CIRO_Circle_001,42.076254000,-113.680830000
CIRO_SF-Circle_001,42.077681000,-113.707022000
CIRO_NF-Circle_001,42.090693000,-113.707035000
CIRO_Almo_001,42.126794000,-113.659879000
FOLA_06670500,42.200523000,-104.538291000
BOHA_CALISL,42.342644000,-70.894678000
BOHA_OUTBRE,42.342953000,-70.874550000
BOHA_GREISL,42.353822000,-70.892136000
BOHA_NOAA_Boston,42.355000000,-71.050000000
AGFO_06454100,42.423611000,-103.792222000
MNRR_06465500,42.739722000,-98.222778000
MNRR_06478522,42.765280000,-97.172570000
NIOB_06461500,42.902222000,-100.362222000
CRMO_L-Cotton_001,43.487939700,-113.593478280
WICA_BC_Springs,43.522916667,-103.373863889
WICA_Calcite Lake,43.548590000,-103.479970000
WICA Well 2,43.552770000,-103.443653000
MABI_2Hall,43.630163890,-72.517886110
MABIPA,43.633361100,-72.542633000
GRTE_USGSADAPS_433825110350101,43.640277778,-110.583611100
MCI_METISL,43.895522000,-69.119108000
HTLN_PIPE_Temp_ABFLS,44.015031000,96.319762000
HTLN_PIPE_Temp_LOW1,44.015774000,-96.326259000
ACAD_BASHAR,44.224575000,-68.321758000
ACAD_SHIHAR,44.225394000,-68.317222000
YELL_Lewis,44.276000000,-110.636000000
ACAD_LITHUN,44.298267000,-68.207881000
ACAD_OTTPOI,44.306758000,-68.189900000
ACAD_JPBuoy,44.331110139,-68.255263210
ACAD_LITMOO,44.331372000,-68.048550000
ACAD_OTRC,44.332718000,-68.206772000
ACAD_SCHPOI,44.334383000,-68.057614000
YELL_ShoshoneCreek,44.348000000,-110.795000000
YELL_ShoshoneOutlet,44.355000000,-110.664000000
YELL_SHCr_UnnamedTrib,44.358000000,-110.800000000
YELL_SH_UnnamedTrib,44.364000000,-110.789000000
MCI_PETMAN,44.366044000,-67.863861000
ACAD_MCHT_WaterLevel,44.373774000,-68.328438000
ACAD_NOAA_Bar Harbor,44.392000000,-68.205000000
YELL_USGS_06036805,44.459333300,-110.822272200
YELL_UGB_Old Faithful a_temp,44.460400000,-110.828500000
YELL_oldfaithful_b_temp,44.460400000,-110.828500000
YELL_UGB_Beehive,44.462600000,-110.829900000
YELL_UGB_Giantess,44.463600000,-110.829000000
YELL_UGB_Lion,44.464000000,-110.831000000
YELL_UGB_Aurum,44.464600000,-110.829500000
JODA_John-Day_001,44.566501800,-119.646420280
YELL_USGS_06186500,44.567091670,-110.380405600
DETO_C2,44.579896000,-104.703819000
DETO_C3,44.580075000,-104.702902000
DETO_C4,44.580529000,-104.703249000
DETO_C1,44.581057000,-104.706199000
DETO_M1,44.585764000,-104.702358000
DETO_M2,44.586145000,-104.700605000
DETO_M3,44.586179000,-104.700119000
DETO_NM-3,44.587794000,-104.700248000
DETO_NM-2,44.588710000,-104.701916000
DETO_NM-1,44.589085000,-104.702530000
DETO_06427850,44.589428000,-104.703855000
DETO_P1,44.591839000,-104.702840000
DETO_P2,44.592417000,-104.702255000
DETO_P3,44.592719000,-104.701470000
YELL_USGS_06036905,44.620183300,-110.863502800
YELL_USGS_006037100,44.640800000,-110.861063900
YELL_USGS_06037100,44.640800000,-110.861063900
JODA_Bridge_001,44.655171770,-120.251890750
YELL_USGS_06037500,44.657072200,-111.067963900
YELL_Norris_Echinus,44.721900000,-110.702200000
YELL_Norris_Porkchop,44.722300000,-110.708300000
YELL_Norris_Vixen,44.722900000,-110.707000000
YELL_Norris_Cistern_Spring,44.723020000,-110.704060000
YELL_Norris_Emerald,44.725600000,-110.704300000
YELL_Norris_Steam Valve Spring,44.726000000,-110.703300000
YELL_Norris_Bathtub_Spring,44.726400000,-110.704300000
YELL_Norris_Congress,44.727800000,-110.701400000
YELL_Norris_Constant,44.728475920,-110.703249620
YELL_USGS_06036940,44.732725000,-110.713252800
YELL_WashSouth,44.763000000,-110.475000000
YELL_WashTop,44.807000000,-110.435000000
YELL_WN2,44.825000000,-110.446000000
BICA Mason Lovel,44.829200000,-108.158500000
YELL_WN1,44.866000000,-110.411000000
YELL_TowerSpringbox1,44.916591000,-110.420779000
YELL_Tower,44.922000000,-110.413000000
GLKN_SLBE_05,44.922210000,-85.883275550
YELL_USGS_06188000,44.928177780,-110.394269400
YELL_Mammoth,44.965000000,-110.692000000
YELL_Test01,44.975127000,-110.698181000
YELL_Test02,44.975127000,-110.698281000
YELL_USGS_06190540,44.985133300,-110.689344400
YELL_USGS_06191000,44.992344400,-110.690975000
YELL_USGS_06191500,44.992344400,-110.690975000
YELL_USGS_06187915,45.002830560,-110.001872200
YELL_Gardiner,45.030000000,-110.720000000
YELL_RiversStreams_Reese_Creek,45.057219000,-110.787189000
LCR1,45.098200000,-108.295500000
YELL_Corwin,45.111637000,-110.793936000
GLKN_SLBE_01,45.125900000,-86.024695180
LIBI_S01,45.566298290,-107.442180000
LIBI_453400107263001,45.566380000,-107.442230000
LIBI_USGSADAPS_453400107263001,45.566640060,-107.442306100
BIHO_USGSADAPS_453800113390001,45.633255160,-113.650901000
BIHO_NF-BHR_001,45.651664140,-113.644282000
WHMI_Mill_001,46.043664880,-118.465170320
WHMI_Doan_001,46.044167000,-118.463377000
SACN_USGS_05333500,46.076111110,-92.246666670
LEWI_Skipanon_30a,46.123330000,-123.920509000
LEWI_Colewort_30a,46.125107000,-123.883864000
SACN_USGS_05331833,46.171388889,-91.329166670
LEWI_Megler_100a,46.251477000,-123.863967000
NEPE_Jim-Ford_001,46.354296030,-115.918679570
GRKO_WSD,46.397170000,-112.762700000
GRKO_S01,46.408834880,-112.745249000
NEPE_Lapwai_001,46.449356280,-116.818164230
NEPE_Lapwai_002,46.450016020,-116.819499204
GLKN_WS_PIRO_MiRi_01,46.474296000,-86.531276000
GLKN_WS_PIRO_MoRi_01,46.525660000,-86.487130000
PIRO_PIRO_LoCr_H4-1,46.558010000,-86.337420000
GLKN_PIRO_04,46.572200000,-86.334800000
GLKN_PIRO_01,46.649200000,-86.032600000
MORA_OhanaOHCA_1780a,46.733339000,-121.572270000
MORA_LZ35,46.737998000,-121.678015000
MORA_NisqNIBO_2000a,46.738011000,-121.913215000
MORA_NisqNILO_2300a,46.747236000,-121.813419000
MORA_LON,46.749632000,-121.811698000
MORA_LN03,46.765045000,-121.892861000
MORA_Paradise_4440a,46.775260000,-121.746229000
MORA_z09-00f,46.776558000,-121.702253121
MORA_NisqNIGB_3800a,46.778860000,-121.766663000
MORA_PAW,46.784848000,-121.741927000
MORA_PAR,46.786355000,-121.742260000
MORA_p00-XXX,46.807801000,-121.892073511
MORA_o14-00a,46.814258000,-121.556643342
MORA_LP19,46.822842000,-121.895041000
MORA_MUR,46.835523000,-121.733195000
MORA_p00-XXX_b,46.860233330,-121.947750000
MORA_p02-XXX_b,46.862300000,-121.927916700
MORA_p02-XXX,46.864033330,-121.944816700
MORA_LW32,46.886548000,-121.522095000
MORA_Fryingpan_3820a,46.887148000,-121.610656000
MORA_w17-00a,46.887451000,-121.610690244
MORA_SG_Fryingpan,46.888316000,-121.609377000
MORA_White_3640a,46.892136000,-121.597517000
MORA_w00-00s,46.892521600,-121.670092000
MORA_w00-00n_b,46.895665940,-121.584116700
MORA_w00-00o,46.896175000,-121.588908218
MORA_w00-00p,46.898039000,-121.618530316
MORA_RTSG_White,46.898080000,-121.618924000
MORA_SG_Klickitat,46.898139929,-121.551689019
MORA_WIT,46.898735000,-121.619026000
MORA_w00-00n,46.899660000,-121.570961099
MORA_w19-00a,46.902105000,-121.638685060
MORA_w14-00a,46.904386000,-121.561040259
MORA_w00-00l,46.908006000,-121.549548249
MORA_w13-00a,46.908018000,-121.549400680
MORA_m00-XXX_b,46.913583330,-121.919883300
MORA_w12-00a,46.913613000,-121.544942197
MORA_m00-00e,46.913950000,-121.894500000
MORA_m05-00a,46.914716670,-121.892883300
MORA_SUP,46.914807000,-121.642235000
MORA_m00-00d_b,46.915550000,-121.901650000
MORA_m00_00d,46.916350000,-121.899083300
MORA_m00-00d,46.916400000,-121.899050000
MORA_SUN,46.919153000,-121.652133000
THRO_06336000,46.919458000,-103.528243000
MORA_m00-XXX,46.920883330,-121.934133300
MORA_m02-XXX_b,46.923116670,-121.927366700
MORA_m02-XXX,46.923450000,-121.936500000
MORA_f12-00a,46.923947000,-121.726635000
MORA_w00-10.5a,46.931933000,-121.534146545
MORA_W09-00a,46.933400000,-121.533423000
MORA_w00-00i,46.936600000,-121.533217716
MORA_w00-00h,46.950356000,-121.532211084
MORA_LH14,46.950782000,-121.593123000
MORA_LH15,46.953427000,-121.619067000
MORA_w07-00a,46.955481000,-121.527694347
MORA_w00-6.5a,46.961361000,-121.530056724
MORA_editCarbonSideChannelAliceFalls,46.962310000,-121.794450000
MORA_White_2830a,46.964092000,-121.529894000
MORA_w00-00g,46.964141000,-121.529980568
MORA_w06-00a,46.968814000,-121.537227476
MORA_w00-00f,46.970222000,-121.533994506
MORA_c09-00a,46.972595000,-121.830946280
MORA_w00-XXX,46.989520000,-121.537175440
MORA_c06-00a,46.993103000,-121.853133603
MORA_CRS,46.994498000,-121.913354000
MORA_c03-00a,46.994504000,-121.914656351
MORA_c00-00a,46.996169000,-121.912807559
MORA_c04-00a,46.996260000,-121.884816738
KNRI_06340590,47.354749000,-101.395680000
OLYM_MET_QUO,47.537429810,-123.681404114
OLYM_MET_QUF,47.570224762,-123.658233643
OLYM_Matheny_180a,47.574972000,-124.107097000
OLYM_MET_KRS,47.603084564,-124.369651794
OLYM_Kalaloch_20a,47.606790000,-124.368218000
OLYM_CZY,47.619655000,-123.280348000
OLYM-MLK,47.624898000,-123.206342000
OLYM-HEA,47.785125000,-123.177928000
OLYM_MET_HGS,47.809265137,-123.453842163
OLYM_MET_HOO,47.814895630,-124.040969849
OLYM_MET_HOF,47.835758209,-123.983207703
OLYM_MET_HRS,47.859729767,-123.932327271
OLYM-Hoh,47.898682000,-123.786217000
ISRO_b1,47.922763270,-89.144725270
ISRO_b2,47.932033650,-89.106509830
OLYM_MET_DPC,47.949474335,-123.260528564
OLYM_SFCalawah_405a,47.955517000,-124.249877000
OLYM_SolDuc_1550a,47.971950000,-123.869790000
OLYM_MET_DPO,47.975555420,-123.301864624
OLYM_MET_DPF,47.980922699,-123.309005737
OLYM_MET_ERS,48.016677856,-123.589836121
GLKN_ISRO_03,48.041045400,-88.700539800
OLYM_Barnes_590a,48.056238000,-123.800190000
OLYM_MET_LCL,48.091712952,-123.799690247
ISRO_a1,48.092420950,-88.597519930
ISRO_a2,48.094650370,-88.609982310
OLYM_Umbrella_65a,48.133378000,-124.624462000
OLYM_MET_OZE,48.154785156,-124.669403076
OLYM_Ozette_20a,48.157041000,-124.671025000
EBLA_EbeysWC_90a,48.190840000,-122.706177000
NOCA_SM0202,48.291080000,-120.552351000
GLAC_S05,48.306964600,-113.483697000
NOCA_Stehekin_1200a,48.321795000,-120.689653000
GLKN_VOYA_22,48.334038469,-92.486683350
NOCA_Company_1270a,48.350682000,-120.726423000
GLKN_VOYA_21,48.397944687,-92.525256395
NOCA_MR1201,48.408209000,-120.712172000
NOCA_NFCascade_1930a,48.479490000,-121.153374000
GLAC_013,48.484498998,-114.102238511
GLAC_S06,48.485472000,-114.034240000
NOCA_Bridge_3990a,48.485601000,-120.705154000
GLKN_VOYA_05,48.498376828,-92.887589181
NOCA_MA0301,48.546372000,-120.834081000
SAJH_MET_ENGCMP,48.580700000,-123.146171000
GLAC_830,48.593388790,-114.034409400
GLAC_N15,48.593648830,-114.035995700
GLAC_829,48.594271700,-114.033989200
GLAC_822.001,48.606741355,-113.688395352
GLAC_823.001,48.606870663,-113.688253052
GLAC_823.002,48.606870663,-113.688253052
GLAC_824.001,48.607907173,-113.689325654
GLAC_827.001,48.608958880,-113.687045507
GLAC_827.002,48.608958880,-113.687045507
GLAC_105,48.668513983,-113.927025097
NOCA_21a25s,48.671106000,-121.519965000
NOCA_Newhalem_490a,48.671184000,-121.256553000
NOCA_Goodell_490a,48.673945000,-121.265076000
GLAC_838.001,48.681438701,-113.732237610
GLAC_838.002,48.681438701,-113.732237610
GLAC_836.001,48.685810638,-113.731938125
GLAC_836.002,48.685810638,-113.731938125
GLAC_835.002,48.687106018,-113.731276540
GLAC_835.001,48.687106018,-113.731276540
GLAC_839.001,48.690004619,-113.729007640
GLAC_839.002,48.690004619,-113.729007640
GLAC_S04,48.691692630,-113.716343000
GLAC_N14,48.695254050,-113.717796600
GLAC_809.001,48.704219682,-113.705196178
GLAC_809.002,48.704219682,-113.705196178
GLAC_809.003,48.704219682,-113.705196178
GLAC_810.001,48.704519708,-113.703540176
GLAC_810.002,48.704519708,-113.703540176
GLAC_811.001,48.704809198,-113.704235477
GLAC_811.002,48.704809198,-113.704235477
GLAC_811.003,48.704809198,-113.704235477
GLAC_808,48.706034640,-113.702653800
NOCA_Ruby_1680a,48.707891000,-120.975505000
Diablo Lake Thunder Arm,48.710183000,-121.102529000
GLAC_820.001,48.710947911,-113.675350139
GLAC_819.001,48.711815619,-113.674455835
GLAC_819.002,48.711815619,-113.674455835
GLAC_805,48.718124820,-113.640468600
NOCA_LS0701,48.748010000,-121.501072000
GLAC_005,48.751420652,-114.176942350
GLAC_S01,48.795453100,-113.680465000
NOCA_MC0301,48.857114000,-121.432095000
GLAC_098,48.870097031,-114.263959070
NOCA_MC1402,48.890245000,-121.330941000
GLAC_006,48.973325336,-114.356718603
NOCA_21a37s,48.975872000,-121.250415000
GLAC_N16,48.982351000,-113.630731400
GLAC_864,48.983816545,-113.631384803
GLAC_863,48.984417201,-113.630691955
GLAC_022,48.994117410,-114.466380000
SITK_IN,57.052797000,-135.317486000
KATM_DAKAL_DA001,58.115488000,-154.692696000
KATM_DECOL_DE001,58.351277000,-154.243334000
KATM_HAGLL_HA001,58.398466000,-154.178380000
GLBA_FQ_SA_test,58.452350000,-135.740900000
GLBA_BLTA2,58.455120000,-135.888760000
KATM_LBROO_BR007_Archived,58.464360000,-156.002950000
KATM_LBROO_BR001_Archived,58.472760000,-156.037810000
KATM_LBROO_BR002_Archived,58.482790000,-155.969590000
KATM_MARGC_STREAM,58.485934484,-155.577723084
KATM_LBROO_BR008_Archived,58.491470000,-155.987310000
KATM_LBROO_BR009_Archived,58.502730000,-155.833020000
KATM_NAKNL_I001_Archived,58.504770000,-155.623540000
KATM_NAKNL_I001,58.504771010,-155.623544010
KATM_LBROO_BR003_Archived,58.510920000,-155.885110000
KATM_UPATC_STREAM,58.511338375,-155.803890375
KATM_LBROO_BR011_Archived,58.511920000,-155.816280000
KATM_NAKNL_I004,58.513499000,-155.641172990
KATM_NAKNL_I004_Archived,58.513500000,-155.641170000
KATM_NAKNL_I010_Archived,58.515390000,-155.486280000
KATM_NAKNL_I010,58.515392980,-155.486284980
KATM_LBROO_BR005_Archived,58.519860000,-155.885570000
KATM_LBROO_BR005,58.519860000,-155.885570000
KATM_LBROO_BR012_Archived,58.520860000,-155.816750000
KATM_NAKNL_03_TEMP_Archived,58.521800000,-155.602550000
KATM_NAKNL_03_TEMP,58.521800000,-155.602550000
KATM_NAKNL_I008,58.522879020,-155.607171970
KATM_NAKNL_I008_Archived,58.522880000,-155.607170000
KATM_NAKNL_I007,58.523729030,-155.538314970
KATM_NAKNL_I007_Archived,58.523730000,-155.538310000
KATM_NAKNL_I011,58.524339990,-155.486649930
KATM_NAKNL_I011_Archived,58.524340000,-155.486650000
KATM_LBROO_01_TEMP,58.529770000,-155.853960000
KATM_LBROO_01_TEMP_Archived,58.530141000,-155.854101000
KATM_NAKNL_I002_Archived,58.531160000,-155.659240000
KATM_NAKNL_I002,58.531164030,-155.659242030
KATM_NAKNL_I005,58.532675040,-155.538714030
KATM_NAKNL_I005_Archived,58.532680000,-155.538710000
KATM_NAKNL_I003,58.533286000,-155.487056030
KATM_NAKNL_I003_Archived,58.533290000,-155.487060000
KATM_NAKNL_I009,58.534256030,-155.400954020
KATM_NAKNL_I009_Archived,58.534260000,-155.400950000
KATM_LBROO_BR006_Archived,58.538010000,-155.869340000
KATM_LBROOO_Q,58.547580000,-155.795480000
KATM_LBROOO_HOBO,58.547580000,-155.795480000
KATM_NAKNL_E004,58.562658030,-155.748703000
KATM_NAKNL_E004_Archived,58.562660000,-155.748700000
KATM_NAKNL_E007_Archived,58.571600000,-155.749160000
KATM_NAKNL_E007,58.571603030,-155.749156970
KATM_NAKNL_E001,58.572297970,-155.697444980
KATM_NAKNL_E001_Archived,58.572300000,-155.697440000
KATM_NAKNL_E010,58.597959000,-155.785021040
KATM_NAKNL_E010_Archived,58.597960000,-155.785020000
KATM_NANKL_E006_Archived,58.606660000,-155.802740000
KATM_NAKNL_E006,58.606663020,-155.802739960
KATM_JOJOL_JO001_Archived,58.609700000,-155.218100000
KATM_JOJOL_JO001,58.609700000,-155.218100000
KATM_NAKNL_E008,58.612795980,-155.993041010
KATM_KAKNL_E008_Archived,58.612800000,-155.993040000
KATM_NANKL_E003_Archived,58.613060000,-155.975790000
KATM_NAKNL_E003,58.613063020,-155.975785020
KATM_NAKNL_W011,58.616329950,-156.197269940
KATM_NAKNL_W011_Archived,58.616330000,-156.197270000
KATM_NAKNL_02_TEMP_Archived,58.616570000,-156.037400000
KATM_NAKNL_02_TEMP,58.616570000,-156.037400000
KATM_NAKNL_N002,58.624355960,-155.725616980
KATM_NAKNL_N002_Archived,58.624360000,-155.725600000
KATM_NAKNL_W001_Archived,58.626150000,-156.146080000
KATM_NAKNL_W001,58.626150020,-156.146076960
GLBA_LBWA2,58.626560000,-137.657944000
KATM_NAKNL_N001_Archived,58.626770000,-155.535680000
KATM_NAKNL_N001,58.626772970,-155.535702000
KATM_NAKNL_E002_Archived,58.629590000,-156.063140000
KATM_NAKNL_E002,58.629590040,-156.063135010
KATM_NAKNL_E005,58.631736980,-155.925015000
KATM_NAKNL_E005_Archived,58.631740000,-155.925020000
KATM_NAKNL_N008_Archived,58.632350000,-155.795140000
KATM_NAKNL_N008,58.632352970,-155.795136990
KATM_NAKNL_E011_Archived,58.632505400,-155.873194300
KATM_NAKNL_W013,58.633100000,-156.249900000
KATM_NAKNL_W013_Archived,58.633310000,-156.249900000
KATM_NAKNL_01_TEMP_Archived,58.636731000,-155.636751000
KATM_NAKNL_01_TEMP,58.637250000,-155.638730000
KATM_NAKNL_N004_Archived,58.640560000,-155.847400000
KATM_NAKNL_N004,58.640561030,-155.847418020
KATM_NAKNL_N011,58.641289920,-155.795579970
KATM_NAKNL_N011_Archived,58.641290000,-155.795580000
KATM_NAKNL_W008,58.641339040,-156.302615960
KATM_NAKNL_W008_Archived,58.641340000,-156.302620000
KATM_NAKNL_W010,58.641646990,-156.285347990
KATM_NANKL_W010_Archived,58.641650000,-156.285350000
KATM_NAKNL_N010,58.642245960,-155.726515020
KATM_NAKNL_N010_Archived,58.642250000,-155.726520000
KATM_NAKNL_E009,58.647477020,-156.064208990
KATM_NAKNL_E009_Archived,58.647480000,-156.064210000
KATM_NAKNL_W007,58.649969970,-156.320487020
KATM_NAKNL_W007_Archived,58.649970000,-156.320490000
KATM_NAKNL_W004_Archived,58.659220000,-156.303810000
KATM_NAKNL_W004,58.659222000,-156.303814990
KATM_NAKNL_N007_Archived,58.662550000,-155.537300000
KATM_NAKNL_N007,58.662551960,-155.537301010
KATM_NAKNL_N006,58.665855010,-155.952563970
KATM_NAKNL_N006_Archived,58.665860000,-155.952560000
KATM_IDAVC_STREAM,58.666210000,-155.670840000
KATM_NAKNL_N003,58.667387980,-155.848860960
KATM_NAKNL_N003_Archived,58.667390000,-155.848840000
KATM_NAKNL_W002,58.667541030,-156.338976000
KATM_NAKNLO_HOBO,58.673162825,-156.457398897
KATM_NAKNLO_Q,58.673162825,-156.457398897
KATM_NAKNLO_SONDE,58.676732462,-156.457395000
KATM_NAKNL_OUTLET_Archived,58.681840000,-156.435030000
KATM_NAKNL_W005,58.686968020,-156.253742010
KATM_NAKNL_W005_Archived,58.686970000,-156.253720000
KATM_LGROS_GR001_Archived,58.689500000,-155.299100000
KATM_LGROS_GR001,58.689500000,-155.299100000
KATM_NAKNL_N009,58.701366040,-155.971900010
KATM_NAKNL_N009_Archived,58.701370000,-155.971900000
KATM_NAKNL_W006_Archived,58.703300000,-156.341410000
KATM_NAKNL_W006,58.703304020,-156.341414030
KATM_NAKNL_W009_Archived,58.713180000,-156.290110000
KATM_NAKNL_W009,58.713182010,-156.290114020
GLBA_GLIA2,58.721868000,-136.295032000
KATM_LCOVI_CO001_Archived,58.748800000,-155.596300000
KATM_LCOVI_CO001,58.748800000,-155.596300000
KATM_IDAVL_ID001 - Archived,58.761000000,-155.936700000
KATM_IDAVL_ID001,58.761000000,-155.936700000
KATM_MURRL_MU001_Archived,58.784000000,-155.069600000
KATM_MURRL_MU001,58.784000000,-155.069600000
KATM_HAMML_HA001_Archived,58.854500000,-155.144800000
KATM_HAMML_HA001,58.854500000,-155.144800000
GLBA_GQIA2,58.917300000,-136.584400000
KATM_KULIL_KU001_Archived,58.976400000,-155.022400000
KATM_KULIL_KU001,58.976400000,-155.022400000
KATM_NONVL_NO001_Archived,58.977400000,-155.187300000
KATM_NONVL_NO001,58.977400000,-155.187300000
GLBA_GNLA2,58.977700000,-136.100930000
GLBA_GNUA2,58.983680000,-136.100390000
KATM_PIRAL_PI001,58.997100000,-154.705800000
KATM_PIRAL_PI001_Archived,59.003460000,-154.716680000
KATM_BATTL_BA001_Archived,59.085700000,-154.947900000
KATM_BATTL_BA001,59.085700000,-154.947900000
GLBA_DHWA2,59.090630000,-138.214629000
GLBA_DBWA2,59.167840000,-138.484020000
KATM_KUKAL_KU001_Archived,59.175900000,-155.275800000
KATM_KUKAL_KU001,59.175900000,-155.275800000
KATM_SPECL_SP001_Archived,59.207800000,-154.862600000
KATM_SPECL_SP001,59.207800000,-154.862600000
KATM_MIRRL_MI001_Archived,59.236800000,-154.760100000
KATM_MIRRL_MI001,59.236800000,-154.760100000
KLGO_DWSA2,59.511900000,-135.346920000
KLGO_GOTA2,59.526300000,-135.187220000
KEFJ_DELIL_DE001,59.550857000,-150.280307000
KEFJ_DESIL_DE001,59.595039000,-150.256928000
KLGO_SPCA2,59.656800000,-135.267820000
KLGO_CKPA2,59.695300000,-135.259220000
LACL_NEWHR_RM22_001,59.919518000,-154.885521000
LACL_NEWHR_RM22_002,59.923896000,-154.882786000
LACL_TAZIR_STREAM,59.931250000,-154.813550000
LACL_TAZIR_001,59.931333330,-154.813772200
LACL_HICKL_HI001_Archived,59.935320000,-152.926410000
LACL_HICKL_HI001,59.936200000,-152.924100000
LACL_SIXML_001,59.946300000,-154.862584000
LACL_SISAC_001,59.987960000,-152.683852000
LACL_LTAZL_LT001 - Archived,59.993320000,-154.482370000
LACL_LTAZL_LT001,59.995600000,-154.476000000
LACL_LCLARO_Q,60.015010000,-154.754760000
LACL_LCLARO_HOBO_01,60.017036100,-154.755119400
LACL_LCLARO_SONDE,60.017036100,-154.755119400
LACL_LCLAO_001,60.018610000,-154.755650000
LACL_SBAYL_001,60.020872220,-154.665833300
LACL_LCLAR_L004,60.037680000,-154.758100000
LACL_LCLAR_L004_Archived,60.037680000,-154.758100000
LACL_LCLAR_L010,60.037790000,-154.740100000
LACL_LCLAR_L010_Archived,60.037790000,-154.740100000
LACL_LCLAR_L008,60.038160000,-154.668060000
LACL_LCLAR_L008_Archived,60.038160000,-154.668060000
LACL_UTAZL_UT001,60.046100000,-154.120000000
LACL_UTAZL_UT001_Archived,60.048600000,-154.155760000
LACL_LCLAR_L007,60.055960000,-154.686440000
LACL_LCLAR_L007_Archived,60.055960000,-154.686440000
LACL_LCLAR_TEMP_01,60.069916667,-154.638200000
LACL_LCLAR_L001,60.073650000,-154.722870000
LACL_LCLAR_L001_Archived,60.073650000,-154.722870000
LACL_LCLAR_L003,60.083050000,-154.632900000
LACL_LCLAR_L003_Archived,60.083050000,-154.632900000
LACL_LCLAR_L002,60.091630000,-154.705230000
LACL_LCLAR_L002_Archived,60.091630000,-154.705230000
LACL_LCLAR_L005,60.091990000,-154.633070000
LACL_LCLAR_L005_Archived,60.091990000,-154.633070000
LACL_LCLAR_L006,60.092070000,-154.615030000
LACL_LCLAR_L006_Archived,60.092070000,-154.615030000
LACL_FLATI_001,60.095830000,-154.543410000
LACL_LCLAR_L009,60.128150000,-154.543470000
LACL_LCLAR_L009_Archived,60.128150000,-154.543470000
LACL_LCLAR_TEMP_02,60.142566667,-154.475133333
LACL_LCLAR_M001,60.144300000,-154.486150000
LACL_LCLAR_M001_Archived,60.144300000,-154.486150000
LACL_KONTL_KU004_Archived,60.150823500,-153.895444200
LACL_KONTL_KU001_Archived,60.155312600,-153.922541200
LACL_KONTL_KU002_Archived,60.155317500,-153.931578200
LACL_KONTL_KU005_Archived,60.155325500,-153.949652400
LACL_KONTL_KU010_Archived,60.159799300,-153.958683800
LACL_KONTL_KU008_Archived,60.164275600,-153.985796800
LACL_KONTL_KU003_Archived,60.168743200,-153.967713300
LACL_LCLAR_M004,60.171370000,-154.414220000
LACL_LCLAR_M004_Archived,60.171370000,-154.414220000
LACL_KONTL_KU006_Archived,60.173215800,-153.976750900
LACL_KONTL_KU009_Archived,60.177686700,-154.021963900
LACL_KONTL_KL008_Archived,60.180239200,-154.184500900
LACL_LCLAR_M008,60.180370000,-154.396240000
LACL_LCLAR_M008_Archived,60.180370000,-154.396240000
LACL_CHULR_001,60.182110000,-154.578050000
LACL_KONTL_KL001 - Archived,60.184730000,-154.166440000
LACL_KONTL_KL001,60.184733500,-154.166435800
LACL_KONTL_KL004_Archived,60.184764400,-154.139300400
LACL_KONTL_KL005_Archived,60.184830700,-154.039803400
LACL_TANAR_002,60.185155560,-154.813772200
LACL_CHULR_002,60.185526670,-154.829643200
LACL_KONTL_KU007_Archived,60.186626300,-154.031015500
LACL_KONTL_KL002_Archived,60.189235000,-154.139319300
LACL_KONTL_KL010_Archived,60.189244100,-154.130273000
LACL_KONTL_KL007_Archived,60.189298400,-154.048855300
LACL_PORTA_BEACH,60.190090000,-154.352810000
LACL_PORTA_BEACH_001,60.190780000,-154.352950000
LACL_KONTL_KL003_Archived,60.193745000,-154.094100200
LACL_KONTL_KL006_Archived,60.193769100,-154.048861900
LACL_TANAR_001,60.197940000,-154.343030000
LACL_KONTL_KL009_Archived,60.198221700,-154.085064100
LACL_HARDB_001,60.204378000,-154.307097000
LACL_LCLAR_M007,60.216370000,-154.306140000
LACL_LCLAR_M007_Archived,60.216370000,-154.306140000
LACL_LCLAR_M010,60.216410000,-154.288030000
LACL_LCLAR_M010_Archived,60.216410000,-154.288030000
LACL_CURRC_002,60.228555560,-153.802944400
LACL_LCLAR_M005,60.234250000,-154.306300000
LACL_LCLAR_M005_Archived,60.234250000,-154.306300000
LACL_LCLAR_M002,60.261150000,-154.270290000
LACL_LCLAR_M002_Archived,60.261150000,-154.270290000
LACL_LCLAR_01_TEMP_Archived,60.261301000,-154.241202000
LACL_LCLAR_01_TEMP,60.265750000,-154.231870000
LACL_LCLAR_TEMP_03,60.267050000,-154.243166667
LACL_LCLAR_M003,60.270220000,-154.197820000
LACL_LCLAR_M003_Archived,60.270220000,-154.197820000
LACL_LCLAR_M006,60.279280000,-154.089010000
LACL_LCLAR_M006_Archived,60.279280000,-154.089010000
LACL_CHULL_001,60.280194440,-154.267111100
LACL_CHULL_BEACH,60.280550000,-154.266420000
LACL_KIJIL_INLET_001,60.285049000,-154.344546000
LACL_KIJIR_001,60.285680000,-154.226610000
LACL_KIJIL_BEACH,60.286340000,-154.346440000
LACL_KIJIL_001,60.286366670,-154.346994400
LACL_LCLAR_M009,60.288130000,-154.179780000
LACL_LCLAR_M009_Archived,60.288130000,-154.179780000
LACL_KIJIL_KI007_Archived,60.288531600,-154.345546500
LACL_KIJIL_KI001_Archived,60.290778400,-154.341033000
LACL_KIJIL_KI002_Archived,60.290789800,-154.336495800
LACL_KIJIL_KI013_Archived,60.293002030,-154.345593000
LACL_KIJIL_01_TEMP_Archived,60.297221000,-154.329852000
LACL_KIJIL_KI004_Archived,60.297495600,-154.336564800
LACL_KIJIL_KI008,60.297517900,-154.327488500
LACL_KIJIK_KI008_Archived,60.297517900,-154.327488500
LACL_KIJIL_01_TEMP,60.297750000,-154.329567000
LACL_LCLAR_U001,60.298070000,-154.081570000
LACL_LCLAR_U001- Archived,60.298070000,-154.081570000
LACL_KIJIR_002,60.300278000,-154.245601000
LACL_KIJIL_KI011_Archived,60.304245010,-154.318477000
LACL_KIJIL_KI005_Archived,60.304256100,-154.313938500
LACL_LCLAR_U004,60.307000000,-154.099750000
LACL_LCLAR_U004_Archived,60.307000000,-154.099750000
LACL_LCLAR_U007,60.307040000,-154.027120000
LACL_LCLAR_U007_Archived,60.307040000,-154.027120000
LACL_LKIJR_002,60.307110000,-154.290270000
LACL_KIJILO_HOBO,60.307160000,-154.290600000
LACL_KIJILO_Q,60.307176000,-154.290499000
LACL_KIJILO_Archived,60.307176000,-154.290499000
LACL_LKIJR_001,60.307233330,-154.295500000
LACL_LKIJR_STREAM,60.307270000,-154.291020000
LACL_PRCRE_001,60.307805560,-154.230944400
LACL_CURRC_001,60.308230000,-154.003060000
LACL_KIJIL_KI009_Archived,60.308694300,-154.327600500
LACL_KIJIL_KI006_Archived,60.308705200,-154.323060800
LACL_KIJIR_003,60.309167000,-154.263799000
LACL_KIJIL_KI003_Archived,60.310961900,-154.314002900
LACL_LCLAR_U010,60.315980000,-153.990800000
LACL_LCLAR_U010_Archived,60.315980000,-153.990800000
LACL_LCLAR_TEMP_04,60.317483333,-154.057183333
LACL_LCLAR_U008,60.324920000,-154.027140000
LACL_LCLAR_U008_Archived,60.324920000,-154.027140000
LACL_LCLAR_TEMP_05,60.336433333,-154.007516667
LACL_LCLAR_U005,60.342800000,-153.954440000
LACL_LCLAR_U005_Archived,60.342800000,-153.954440000
LACL_CRESL_CR010_Archived,60.358744500,-152.873572300
LACL_CRESL_CR001_Archived,60.358969200,-152.900848700
LACL_LCLAR_U002,60.360650000,-153.899850000
LACL_CRESL_CR002_Archived,60.360650000,-153.899850000
LACL_LCLAR_U002_Archived,60.360650000,-153.899850000
LACL_LCLAR_U003,60.360660000,-153.918040000
LACL_LCLAR_U003_Archived,60.360660000,-153.918040000
LACL_CRESL_CR004_Archived,60.363801500,-152.946165800
LACL_CRESL_CR007_Archived,60.367834800,-152.891452900
LACL_CRESL_CR005_Archived,60.367982800,-152.909642300
LACL_CRESL_CR008_Archived,60.368271500,-152.946021500
LACL_LCLAR_U006,60.369610000,-153.936210000
LACL_LCLAR_U009,60.369610000,-153.918020000
LACL_LCLAR_U009_Archived,60.369610000,-153.918020000
LACL_LCLAR_U006_Archived,60.369610000,-153.936210000
LACL_CRESL_CR009_Archived,60.372951600,-152.973165700
LACL_CRESL_CR003_Archived,60.373020400,-152.982261900
LACL_CRESL_CR002,60.373430000,-152.965590000
LACL_CRESL_CR006_Archived,60.381960400,-152.981983000
LACL_TLIKR_001,60.392130000,-153.814440000
LACL_LLCLA_LI001,60.400800000,-153.719900000
LACL_LLCLA_LI001_Archived,60.412580000,-153.689530000
LACL_LLCLA_001,60.417697220,-153.698808300
LACL_CHOKR_001,60.437130000,-153.608360000
LACL_LACHL_LA003_Archived,60.477758000,-154.038625000
LACL_LACHL_LA008_Archived,60.479995000,-154.034064000
LACL_LACHL_LA007_Archived,60.479996000,-154.029500000
LACL_LACHL_LA002_Archived,60.482233000,-154.020374000
LACL_LACHL_LA004_Archived,60.486704000,-154.011248000
LACL_LACHL_LA001,60.486705000,-154.002119000
LACL_LACHL_LA001_Archived,60.486710000,-154.002120000
LACL_FISHL_FI001,60.486940000,-154.349050000
LACL_FISHL_FI001_Archived,60.486940000,-154.349050000
LACL_LACHL_LA010_Archived,60.488939000,-154.011249000
LACL_LACHL_LA006_Archived,60.488940000,-154.002119000
LACL_LACHL_LA012_Archived,60.491175000,-154.002119000
LACL_LACHL_LA005_Archived,60.493410000,-154.006685000
LACL_TLIKR_STREAM,60.499370000,-153.686650000
LACL_PORTL_PO001_Archived,60.504840000,-153.861650000
LACL_PORTL_PO001,60.505600000,-153.865900000
LACL_TLIKR_002,60.553097220,-153.508955600
LACL_SNIPL_SN001_Archived,60.617900000,-154.299070000
LACL_SNIPL_SN001,60.628900000,-154.299200000
LACL_LTWIL_LT001_Archived,60.635770000,-153.951590000
LACL_UTWIL_UT001_Archived,60.639530000,-153.856950000
LACL_LTWIL_LT001,60.646200000,-153.992200000
LACL_UTWIL_UT001,60.652700000,-153.821900000
LACL_TURQL_TU001,60.786400000,-153.946200000
WRST_TANA2,60.908000000,-142.901300000
LACL_TELAL_SWBEACH_001,60.927783000,-153.935050000
LACL_TELAL_GRAYC_001,60.935150000,-153.822350000
LACL_TELAL_SBEACH_001,60.943800000,-153.752650000
LACL_TELAL_01_TEMP,60.945080000,-153.844890000
LACL_TELAL_TE001,60.948900000,-153.871700000
LACL_TELAL_TRAIC_001,60.951350000,-154.058867000
LACL_TELAL_TE001_Archived,60.952320000,-153.804400000
LACL_TURQL_TU001_Archived,60.952320000,-153.804400000
LACL_TELAL_BEAR_CREEK_II_001,60.953950000,-153.750200000
LACL_TELAL_PHYLLIS'_CREEK_001,60.956050000,-153.752700000
LACL_TELAR_001,60.958850000,-154.046983000
LACL_TELAL_GUT_001,60.962883000,-153.929033000
LACL_TELAL_OUTLET_001,60.964917000,-154.029583000
LACL_TELAL_RANGER_CABIN_BAY_001,60.985817000,-153.941700000
LACL_TWOL_TW001_Archived,61.130370000,-153.788160000
LACL_TWOL_TW001,61.132000000,-153.774300000
WRST_TEBA2,61.181000000,-144.342200000
WRST_CTUA2,61.273600000,-142.620900000
WRST-072,61.366593000,-143.429155000
WRST-043,61.375280000,-143.346580000
WRST-051,61.377460400,-143.314054100
WRST-013,61.439212430,-143.716480800
WRST-040,61.455228780,-143.763530200
WRST_GGLA2,61.602880000,-143.013220000
WRST_CREA2,62.124020000,-141.847330000
WRST-GRTS-130,62.463987700,-143.105184400
WRST-004,62.504570000,-143.159600000
WRST-060,62.532894000,-143.284238000
WRST-Little Jack,62.546778420,-143.331178240
WRST-015,62.550804000,-143.405462000
WRST-016,62.556687000,-143.375253000
WRST-006,62.565110400,-143.432747500
CZOA2,62.565300000,-144.664700000
WRST-039,62.573226280,-143.518311800
WRST-005,62.625553000,-143.681586000
WRST-036,62.659674000,-143.843121000
DENA_RuthGlacier_test,62.709722000,-150.539722000
NABA2,62.791027000,-142.169227900
DENA_Denali14k_HOBO,63.070329000,-151.087059000
DENA_Denali16k_HOBO,63.078191000,-151.079922000
DENA_Denali17k_HOBO,63.081003000,-151.659212000
DENA_DKLA2,63.267500000,-149.539170000
DENA_RUGA2,63.267500000,-149.539170000
DENA_EVCA2,63.431390000,-150.309440000
DENA-011,63.432086170,-150.297396000
DENA-015,63.446353224,-150.839010448
DENA-008,63.450735157,-150.246672769
DENA-029,63.495857540,-150.889845180
DENA-034,63.496772665,-150.881391552
DENA-GRTS-010,63.515879034,-150.910264817
DENA_TKLA2,63.524170000,-150.043330000
DENA-018,63.551035000,-152.444115000
DENA-GRTS-014,63.557125000,-149.780656050
DENA-017,63.567804341,-149.640261884
DENA-GRTS-060,63.608332977,-149.586357553
DENA-GRTS-084,63.608332980,-149.586357550
DENA-GRTS-104,63.720905166,-149.476770710
DENA-021,63.722041760,-149.432188220
DENA-001,63.723487900,-148.964058100
DENA_SMPA2,63.747780000,-150.328060000
DENA_WIGA2,63.814220000,-150.109420000
LMHA2,63.887600000,-152.305800000
DENA-023,63.917946000,-151.813664000
DENA-161,63.980000000,-150.638000000
YUCH_UPRA2,64.516670000,-143.202220000
Totchaket,64.780000000,-149.201000000
BELA_ELLA2,65.275200000,-163.820130000
YUCH_CLCA2,65.313890000,-143.132220000
YUCH-082,65.332734500,142.943443000
YUCH-083,65.345000000,142.737000000
YUCH-008,65.353612000,-143.320982000
YUCH-010,65.374157000,-143.193689000
YUCH-004,65.437118000,-143.562836000
YUCH-005,65.476840000,-143.664835000
BELA_MITA2,65.820300000,-164.542800000
BELA_SRTA2,65.852300000,-164.707800000
BELA-088,65.998666000,-165.641848000
BELA-108,66.294367000,-163.936797000
BELA_DVLA2,66.295940000,-164.520420000
BELA-110,66.342473000,-164.009991000
KAVA2,67.137500000,-159.046100000
CAKR_MNOA2,67.141400000,-162.994500000
KOVA-085,67.147098000,-158.503148000
KOVA-086,67.151306000,-158.579091000
KOVA_SRWA2,67.459900000,-159.841300000
NOAT_ASIA2,67.474900000,-162.266400000
NOAT-107,67.494133000,-162.706866000
NOAT_IMYA2,67.544800000,-157.077400000
CAKR_TAHA2,67.550200000,-163.567200000
NOAT_KAUA2,67.573400000,-158.431700000
GAAR_RAMA2,67.624300000,-154.344600000
GAAR_CHMA2,67.714200000,-150.585000000
GAAR_PAMA2,67.766300000,-152.164200000
NOAT-052,67.921518000,-161.902492000
KELA2,67.929719000,-162.295831000
GAAR_KLIA2,67.983500000,-155.013000000
NOAT_SSIA2,67.995000000,-160.395700000
NOAT_HOWA2,68.156000000,-156.895800000
NOAT_KUGA2,68.316717000,-161.491967000
